{"mode": "p2_greedy", "samples_per_game": 100, "player1_payoff": -54.80000000000005, "player2_payoff": 471.20000000000095, "suboptimal_choices": 166, "percentage_suboptimal_choices": 41.5, "total_choices": 400, "pay_off_left": 274.0, "overall_payoff_p1": {"1": [-1.2000000000000002, -1.2000000000000002, -1.2000000000000002, -1.4000000000000001, -1.2000000000000002, -1.2000000000000002, -1.2000000000000002, -1.2000000000000002, -1.2000000000000002, -1.2000000000000002, -1.2000000000000002, -1.2000000000000002, -1.2000000000000002, -1.2000000000000002, -1.2000000000000002, -1.2000000000000002, -1.2000000000000002, -2.4000000000000004, -1.2000000000000002, -1.2000000000000002, -1.2000000000000002, -1.2000000000000002, -1.0, -1.2000000000000002, -1.2000000000000002, -1.2000000000000002, -1.2000000000000002, -1.2000000000000002, -1.2000000000000002, -1.2000000000000002, -1.2000000000000002, -1.2000000000000002, -1.2000000000000002, -1.2000000000000002, -1.2000000000000002, -1.2000000000000002, -1.2000000000000002, -1.2000000000000002, -1.2000000000000002, -1.2000000000000002, -1.4000000000000001, -1.2000000000000002, -1.2000000000000002, -1.4000000000000001, -1.2000000000000002, -1.6, -1.2000000000000002, -1.2000000000000002, -1.2000000000000002, -1.4000000000000001, -1.2000000000000002, -1.2000000000000002, -1.2000000000000002, -1.2000000000000002, -1.2000000000000002, -0.6000000000000001, -1.2000000000000002, -1.2000000000000002, -1.2000000000000002, -2.4000000000000004, -1.2000000000000002, -1.4000000000000001, -1.2000000000000002, -1.2000000000000002, -1.6, -2.4000000000000004, -1.2000000000000002, -1.2000000000000002, -1.2000000000000002, -1.6, -1.4000000000000001, -1.0, -0.6000000000000001, -1.2000000000000002, -1.2000000000000002, -1.2000000000000002, -1.2000000000000002, -1.2000000000000002, -1.2000000000000002, -1.2000000000000002, -1.2000000000000002, -1.2000000000000002, -2.4000000000000004, -2.4000000000000004, -1.2000000000000002, -1.2000000000000002, -1.2000000000000002, -1.2000000000000002, -2.4000000000000004, -1.2000000000000002, -0.6000000000000001, -1.2000000000000002, -1.2000000000000002, -1.2000000000000002, -1.2000000000000002, -1.2000000000000002, -1.2000000000000002, -1.2000000000000002, -1.2000000000000002, -1.2000000000000002], "2": [-1.2000000000000002, -1.8, -1.2000000000000002, -1.0, -1.4000000000000001, -1.2000000000000002, -1.2000000000000002, -1.0, -1.2000000000000002, -1.0, -1.2000000000000002, -1.2000000000000002, -1.2000000000000002, -1.2000000000000002, -1.2000000000000002, -1.2000000000000002, -1.2000000000000002, -2.4000000000000004, -1.2000000000000002, -1.2000000000000002, -1.2000000000000002, -1.2000000000000002, -1.8, -1.2000000000000002, -1.2000000000000002, -1.4000000000000001, -1.2000000000000002, -1.2000000000000002, -1.2000000000000002, -1.2000000000000002, -1.2000000000000002, -1.8, -1.2000000000000002, -1.2000000000000002, -1.2000000000000002, -1.2000000000000002, -1.2000000000000002, -1.2000000000000002, -1.2000000000000002, -1.2000000000000002, -0.6000000000000001, -1.2000000000000002, -1.2000000000000002, -0.6000000000000001, -1.2000000000000002, -0.6000000000000001, -1.2000000000000002, -1.2000000000000002, -1.2000000000000002, -0.6000000000000001, -1.8, -1.2000000000000002, -1.2000000000000002, -1.2000000000000002, -1.2000000000000002, -1.2000000000000002, -1.2000000000000002, -1.2000000000000002, -1.2000000000000002, -2.4000000000000004, -1.2000000000000002, -0.6000000000000001, -1.2000000000000002, -1.2000000000000002, -0.6000000000000001, -2.4000000000000004, -1.2000000000000002, -1.2000000000000002, -1.2000000000000002, -0.6000000000000001, -0.6000000000000001, -1.8, -1.2000000000000002, -1.4000000000000001, -1.2000000000000002, -1.2000000000000002, -1.0, -1.2000000000000002, -1.2000000000000002, -1.2000000000000002, -1.2000000000000002, -1.2000000000000002, -2.4000000000000004, -2.4000000000000004, -1.4000000000000001, -1.2000000000000002, -1.2000000000000002, -1.2000000000000002, -2.4000000000000004, -1.2000000000000002, -1.2000000000000002, -1.2000000000000002, -1.2000000000000002, -1.2000000000000002, -1.2000000000000002, -1.2000000000000002, -1.8, -1.2000000000000002, -1.2000000000000002, -1.2000000000000002], "3": [-1.6, -1.8, -1.4000000000000001, -1.2, -1.2000000000000002, -1.6, -1.2000000000000002, -1.6, -1.6, -1.6, -1.6, -1.6, -1.6, -1.6, -1.6, -1.4000000000000001, -1.2, -2.8000000000000003, -1.6, -1.6, -1.6, -1.6, -1.8, -1.6, -1.6, -1.2000000000000002, -1.6, -1.6, -1.6, -1.6, -1.6, -1.8, -1.6, -1.6, -1.6, -1.6, -1.6, -1.4000000000000001, -1.6, -1.2, -1.4000000000000001, -1.4, -1.6, -1.4000000000000001, -1.6, -1.2000000000000002, -1.6, -1.6, -1.4, -1.4000000000000001, -1.8, -1.4, -1.6, -1.6, -1.6, 0.0, -1.4000000000000001, -1.6, -1.2, -2.8000000000000003, -1.6, -1.4000000000000001, -1.2000000000000002, -1.6, -1.2000000000000002, -2.8000000000000003, -1.6, -1.6, -1.6, -1.2000000000000002, -1.4000000000000001, -1.8, 0.0, -1.2000000000000002, -1.6, -1.4000000000000001, -1.6, -1.6, -1.6, -1.2000000000000002, -1.6, -1.6, -2.8000000000000003, -1.6, -1.2000000000000002, -1.6, -1.6, -1.6, -1.6, -1.6, 0.0, -1.6, -1.2, -1.4000000000000001, -1.2000000000000002, -1.6, -1.8, -1.6, -1.6, -1.6], "4": [-1.0, -1.0, -0.8, -0.8, -0.8, -0.8, -0.8, -0.8, -0.8, -0.8, -1.2000000000000002, -0.8, -0.8, -1.2000000000000002, -1.2000000000000002, -0.8, -0.8, -1.8000000000000003, -0.8, -0.8, -0.8, -0.8, -1.0, -0.8, -1.0, -0.8, -0.8, -0.8, -1.2000000000000002, -1.2000000000000002, -0.8, -1.0, -0.8, -1.0, -0.8, -0.6000000000000001, -0.8, -0.8, -0.8, -0.8, -0.6000000000000001, -0.8, -0.8, -0.6000000000000001, -0.8, -1.2000000000000002, -0.8, -0.8, -0.8, -0.6000000000000001, -1.0, -0.8, -0.8, -1.2000000000000002, -0.8, 0.0, -1.0, -1.0, -0.8, -1.8000000000000003, -0.8, -0.6000000000000001, -0.8, -0.8, -1.2000000000000002, -1.8000000000000003, -0.8, -1.2000000000000002, -0.8, -1.2000000000000002, -0.6000000000000001, -1.0, 0.0, -0.8, -0.8, -1.0, -0.8, -0.8, -1.2000000000000002, -0.8, -1.0, -0.8, -1.8000000000000003, -0.8, -0.8, -0.8, -1.0, -0.8, -0.8, -0.8, 0.0, -0.8, -0.8, -1.0, -0.8, -0.8, -1.0, -0.8, -0.8, -0.8], "5": [-0.6000000000000001, -1.2000000000000002, -0.6000000000000001, -0.4, -0.6000000000000001, -0.8, -0.2, -0.8, -0.8, -0.8, -0.2, -0.8, -0.8, -0.8, -0.2, -0.6000000000000001, -0.6000000000000001, -1.2000000000000002, -0.8, -0.8, -0.6000000000000001, -0.8, -0.4, -0.8, -1.0, -0.6000000000000001, -0.8, -0.6000000000000001, -0.8, -0.8, -0.8, -1.2000000000000002, -0.8, -1.0, -0.8, -0.8, -0.8, -0.6000000000000001, -0.6000000000000001, -0.6000000000000001, -0.2, -0.6000000000000001, -0.6000000000000001, -0.2, -0.8, -0.8, -0.8, -0.8, -0.6000000000000001, -0.2, -1.2000000000000002, -0.6000000000000001, -0.8, -0.2, -0.8, 0.0, -0.6000000000000001, -1.0, -0.6000000000000001, -1.2000000000000002, -0.8, -0.2, -0.2, -0.8, -0.8, -1.2000000000000002, -0.8, -0.8, -0.8, -0.8, -0.2, -0.4, 0.0, -0.6000000000000001, -0.8, -0.6000000000000001, -0.8, -0.8, -0.2, -0.2, -0.6000000000000001, -0.8, -1.2000000000000002, -0.8, -0.6000000000000001, -0.8, -1.0, -0.8, -0.8, -0.8, 0.0, -0.8, -0.6000000000000001, -0.6000000000000001, -0.2, -0.8, -1.2000000000000002, -0.8, -0.8, -0.8],