{"mode": "p2_SVO", "samples_per_game": 100, "player1_payoff": -55.20000000000004, "player2_payoff": 468.80000000000115, "suboptimal_choices": 162, "percentage_suboptimal_choices": 40.5, "total_choices": 400, "pay_off_left": 276.0, "overall_payoff_p1": {"1": [-2.4000000000000004, -1.2000000000000002, -1.6, -1.2000000000000002, -1.4000000000000001, -1.2000000000000002, -1.2000000000000002, -1.2000000000000002, -1.2000000000000002, -1.2000000000000002, -1.2000000000000002, -1.4000000000000001, -1.2000000000000002, -1.2000000000000002, -1.2000000000000002, -1.6, -1.2000000000000002, -1.2000000000000002, -1.2000000000000002, -1.2000000000000002, -1.6, -1.2000000000000002, -1.4000000000000001, -1.2000000000000002, -1.2000000000000002, -1.2000000000000002, -1.2000000000000002, -1.2000000000000002, -1.2000000000000002, -1.0, -1.4000000000000001, -2.4000000000000004, -1.2000000000000002, -1.8000000000000003, -1.2000000000000002, -1.2000000000000002, -1.2000000000000002, -1.2000000000000002, -1.2000000000000002, -1.2000000000000002, -1.2000000000000002, -1.2000000000000002, -1.2000000000000002, -1.2000000000000002, -1.8000000000000003, -1.2000000000000002, -1.2000000000000002, -1.2000000000000002, -1.2000000000000002, -1.2000000000000002, -1.2000000000000002, -1.2000000000000002, -1.0, -1.2000000000000002, -1.2000000000000002, -1.2000000000000002, -1.2000000000000002, -1.2000000000000002, -1.2000000000000002, -1.2000000000000002, -1.2000000000000002, -1.2000000000000002, -1.0, -1.2000000000000002, -1.2000000000000002, -2.4000000000000004, -1.2000000000000002, -1.2000000000000002, -1.2000000000000002, -1.2000000000000002, -1.8000000000000003, -1.2000000000000002, -1.4000000000000001, -1.4000000000000001, -1.2000000000000002, -1.2000000000000002, -1.2000000000000002, -1.2000000000000002, -1.2000000000000002, -1.2000000000000002, -1.2000000000000002, -1.0, -1.6, -1.4000000000000001, -1.2000000000000002, -1.2000000000000002, -1.2000000000000002, -1.2000000000000002, -1.2000000000000002, -1.2000000000000002, -1.6, -1.6, -1.2000000000000002, -1.2000000000000002, -1.2000000000000002, -0.6000000000000001, -1.2000000000000002, -1.8000000000000003, -1.2000000000000002, -1.6], "2": [-2.4000000000000004, -1.2000000000000002, -1.2000000000000002, -1.2000000000000002, -0.6000000000000001, -1.2000000000000002, -1.2000000000000002, -1.2000000000000002, -1.2000000000000002, -1.2000000000000002, -1.2000000000000002, -0.6000000000000001, -1.2000000000000002, -0.4, -1.2000000000000002, -1.2000000000000002, -1.4000000000000001, -1.2000000000000002, -1.2000000000000002, -1.2000000000000002, -1.2000000000000002, -1.2000000000000002, -1.0, -1.0, -1.0, -1.2000000000000002, -1.2000000000000002, -1.2000000000000002, -1.2000000000000002, -1.8, -0.6000000000000001, -2.4000000000000004, -1.2000000000000002, -1.2000000000000002, -1.4000000000000001, -1.4000000000000001, -1.4000000000000001, -1.2000000000000002, -1.2000000000000002, -1.2000000000000002, -1.2000000000000002, -1.8, -1.2000000000000002, -1.4000000000000001, -1.2000000000000002, -0.4, -1.2000000000000002, -1.2000000000000002, -1.2000000000000002, -1.2000000000000002, -1.2000000000000002, -1.2000000000000002, -1.8, -1.2000000000000002, -1.2000000000000002, -1.0, -1.2000000000000002, -1.4000000000000001, -1.2000000000000002, -1.0, -1.0, -1.0, -1.8, -1.2000000000000002, -1.2000000000000002, -2.4000000000000004, -1.2000000000000002, -1.2000000000000002, -1.2000000000000002, -1.2000000000000002, -1.2000000000000002, -1.2000000000000002, -1.0, -1.0, -1.2000000000000002, -1.4000000000000001, -1.2000000000000002, -1.2000000000000002, -1.2000000000000002, -1.4000000000000001, -1.2000000000000002, -1.8, -1.2000000000000002, -1.0, -1.0, -1.2000000000000002, -1.2000000000000002, -1.2000000000000002, -1.2000000000000002, -1.2000000000000002, -1.2000000000000002, -1.2000000000000002, -1.0, -1.2000000000000002, -1.0, -1.2000000000000002, -1.2000000000000002, -1.2000000000000002, -1.2000000000000002, -1.2000000000000002], "3": [-2.8000000000000003, -1.6, -1.6, -1.6, -1.4000000000000001, -1.6, -1.6, -1.4000000000000001, -1.4000000000000001, -1.6, -1.6, -1.4000000000000001, -1.4, -1.4000000000000001, -1.6, -1.6, -1.2000000000000002, -1.6, -1.6, -1.6, -1.6, -1.2, -1.2, -1.0, -1.6, -1.6, -1.6, -1.6, -1.6, -1.8, -1.4000000000000001, -1.6, -1.6, -1.6, -1.2000000000000002, -1.2000000000000002, -1.2000000000000002, -1.6, -1.6, -1.2, -1.6, -1.8, -1.6, -1.2000000000000002, -1.6, -1.4000000000000001, -1.6, -1.6, -1.6, -1.6, -1.4000000000000001, -1.6, -1.8, -1.6, -1.6, -1.6, -1.4000000000000001, -1.2000000000000002, -1.6, -1.0, -1.0, -1.0, -1.8, -1.6, -1.6, -2.8000000000000003, -1.4000000000000001, -1.4000000000000001, -1.2000000000000002, -1.6, -1.6, -1.6, -1.2, -1.2, -1.6, -1.2000000000000002, -1.6, -1.4000000000000001, -1.6, -1.2000000000000002, -1.4000000000000001, -1.8, -1.6, -1.2, -1.0, -1.6, -1.2, -1.6, -1.6, -1.6, -1.6, -1.6, -1.6, -1.4000000000000001, -1.6, 0.0, -1.6, -1.6, -1.6, -1.6], "4": [-1.8000000000000003, -0.6000000000000001, -1.2000000000000002, -0.8, -0.6000000000000001, -0.8, -0.8, -0.8, -1.0, -1.2000000000000002, -0.8, -0.6000000000000001, -0.8, -0.8, -0.6000000000000001, -1.2000000000000002, -0.8, -0.6000000000000001, -0.8, -0.8, -1.2000000000000002, -0.8, -0.8, -1.0, -0.8, -0.8, -0.8, -0.8, -0.8, -1.0, -0.6000000000000001, -0.8, -0.8, -0.8, -0.8, -0.8, -0.8, -1.2000000000000002, -0.8, -0.8, -0.8, -1.0, -0.8, -0.8, -0.8, -0.8, -0.8, -0.8, -0.8, -1.0, -0.8, -0.8, -1.0, -0.8, -0.8, -0.8, -0.8, -0.8, -0.8, -1.0, -1.0, -1.0, -1.0, -0.8, -0.8, -1.8000000000000003, -1.0, -1.0, -0.8, -0.8, -0.8, -0.8, -0.8, -0.8, -1.2000000000000002, -0.8, -1.2000000000000002, -1.0, -0.8, -0.8, -1.0, -1.0, -1.2000000000000002, -0.8, -1.0, -0.8, -0.8, -1.2000000000000002, -1.2000000000000002, -0.8, -1.2000000000000002, -1.2000000000000002, -0.8, -0.8, -0.8, 0.0, -0.8, -0.8, -0.6000000000000001, -1.2000000000000002], "5": [-1.2000000000000002, -0.8, -0.8, -0.8, -0.2, -0.8, -0.8, -0.6000000000000001, -0.6000000000000001, -0.2, -0.8, -0.2, -0.6000000000000001, -0.6000000000000001, -0.8, -0.8, -0.6000000000000001, -0.8, -0.8, -0.8, -0.8, -0.6000000000000001, -0.4, -0.8, -0.8, -0.8, -0.8, -0.8, -0.8, -0.4, -0.2, -0.8, -0.8, -0.8, -0.6000000000000001, -0.6000000000000001, -0.6000000000000001, -0.8, -0.8, -0.6000000000000001, -0.8, -1.2000000000000002, -0.6000000000000001, -0.6000000000000001, -0.8, -0.6000000000000001, -0.8, -0.8, -0.8, -0.6000000000000001, -0.6000000000000001, -0.8, -0.4, -0.8, -0.8, -0.8, -0.6000000000000001, -0.6000000000000001, -0.6000000000000001, -0.8, -0.8, -0.8, -0.4, -0.8, -0.8, -1.2000000000000002, -0.6000000000000001, -0.6000000000000001, -0.2, -0.8, -0.8, -0.8, -0.4, -0.4, -0.2, -0.6000000000000001, -0.2, -0.6000000000000001, -0.8, -0.6000000000000001, -0.6000000000000001, -0.4, -0.8, -0.4, -0.8, -0.6000000000000001, -0.6000000000000001, -0.2, -0.8, -0.8, -0.8, -0.8, -0.8, -0.6000000000000001, -0.8, 0.0, -0.8, -0.8, -0.8, -0.8], "6": [-2.2, -1.6, -1.4000000000000001, -0.8, -0.6000000000000001, -0.8, -0.8, -0.8, -0.8, -0.8, -0.8, -0.6000000000000001, -1.6, -0.8, -1.6, -1.4000000000000001, -0.8, -1.6, -0.8, -0.8, -1.4000000000000001, -0.8, -1.6, -0.6000000000000001, -0.8, -0.8, -0.8, -0.8, -0.8, -1.4000000000000001, -0.6000000000000001, -2.2, -0.8, -1.4000000000000001, -0.8, -0.8, -0.8, -0.8, -0.8, -0.8, -0.8, -0.8, -0.8, -0.8, -1.4000000000000001, -0.8, -0.8, -0.8, -0.8, -0.8, -0.8, -0.8, -1.4000000000000001, -0.8, -0.8, -1.4000000000000001, -0.8, -0.8, -0.8, -0.6000000000000001, -0.6000000000000001, -0.6000000000000001, -1.4000000000000001, -0.8, -0.8, -2.2, -0.8, -0.8, -0.8, -0.8, -1.4000000000000001, -0.8, -1.6, -1.6, -0.8, -0.8, -0.8, -0.8, -0.8, -0.8, -0.8, -1.4000000000000001, -1.4000000000000001, -1.6, -0.6000000000000001, -0.8, -0.8, -0.8, -0.8, -0.8, -1.4000000000000001, -1.4000000000000001, -1.4000000000000001, -0.8, -0.8, 0.0, -0.8, -1.4000000000000001, -1.6, -1.4000000000000001],