{"mode": "p2_SVO", "samples_per_game": 100, "player1_payoff": -57.400000000000055, "player2_payoff": 455.6000000000008, "suboptimal_choices": 169, "percentage_suboptimal_choices": 42.25, "total_choices": 400, "pay_off_left": 287.0, "overall_payoff_p1": {"1": [-1.2000000000000002, -1.2000000000000002, -1.2000000000000002, -2.4000000000000004, -1.2000000000000002, -2.4000000000000004, -2.4000000000000004, -1.2000000000000002, -1.2000000000000002, -1.0, -1.2000000000000002, -1.2000000000000002, -1.2000000000000002, -1.6, -1.2000000000000002, -1.2000000000000002, -1.2000000000000002, -1.2000000000000002, -1.0, -1.2000000000000002, -1.2000000000000002, -1.2000000000000002, -1.2000000000000002, -1.2000000000000002, -1.2000000000000002, -1.0, -1.2000000000000002, -1.2000000000000002, -1.4000000000000001, -1.2000000000000002, -1.2000000000000002, -1.2000000000000002, -1.2000000000000002, -1.2000000000000002, -1.2000000000000002, -1.2000000000000002, -1.2000000000000002, -2.4000000000000004, -1.4000000000000001, -1.0, -1.2000000000000002, -1.2000000000000002, -1.6, -1.2000000000000002, -1.2000000000000002, -1.8000000000000003, -1.2000000000000002, -1.2000000000000002, -1.2000000000000002, -1.2000000000000002, -1.2000000000000002, -1.2000000000000002, -1.2000000000000002, -1.4000000000000001, -1.2000000000000002, -0.6000000000000001, -1.2000000000000002, -1.2000000000000002, -1.2000000000000002, -1.2000000000000002, -1.2000000000000002, -1.2000000000000002, -1.2000000000000002, -1.8000000000000003, -1.6, -1.6, -1.6, -1.4000000000000001, -1.2000000000000002, -1.6, -1.2000000000000002, -1.2000000000000002, -1.2000000000000002, -0.6000000000000001, -1.6, -1.2000000000000002, -1.2000000000000002, -1.2000000000000002, -1.8000000000000003, -1.2000000000000002, -1.2000000000000002, -1.2000000000000002, -1.2000000000000002, -1.4000000000000001, -1.2000000000000002, -1.2000000000000002, -1.2000000000000002, -1.2000000000000002, -1.2000000000000002, -1.2000000000000002, -1.2000000000000002, -1.6, -1.2000000000000002, -1.2000000000000002, -1.2000000000000002, -1.2000000000000002, -1.2000000000000002, -1.2000000000000002, -1.2000000000000002, -1.2000000000000002], "2": [-1.2000000000000002, -1.0, -1.8, -2.4000000000000004, -1.2000000000000002, -2.4000000000000004, -2.4000000000000004, -1.2000000000000002, -1.2000000000000002, -1.8, -1.2000000000000002, -1.0, -1.8, -1.2000000000000002, -1.2000000000000002, -1.2000000000000002, -1.2000000000000002, -1.2000000000000002, -1.8, -1.4000000000000001, -1.2000000000000002, -1.2000000000000002, -1.2000000000000002, -1.2000000000000002, -1.2000000000000002, -1.8, -1.0, -1.8, -0.6000000000000001, -1.4000000000000001, -1.2000000000000002, -1.2000000000000002, -1.2000000000000002, -1.2000000000000002, -1.2000000000000002, -1.2000000000000002, -1.2000000000000002, -2.4000000000000004, -1.0, -1.8, -1.2000000000000002, -1.0, -1.2000000000000002, -1.2000000000000002, -1.4000000000000001, -1.2000000000000002, -1.2000000000000002, -1.2000000000000002, -1.2000000000000002, -1.2000000000000002, -1.2000000000000002, -1.2000000000000002, -1.2000000000000002, -1.0, -1.4000000000000001, -1.2000000000000002, -1.2000000000000002, -1.0, -1.2000000000000002, -1.2000000000000002, -1.2000000000000002, -1.0, -1.4000000000000001, -1.2000000000000002, -0.6000000000000001, -0.6000000000000001, -0.6000000000000001, -0.6000000000000001, -1.2000000000000002, -1.2000000000000002, -1.2000000000000002, -1.2000000000000002, -1.0, -1.2000000000000002, -0.6000000000000001, -1.2000000000000002, -1.2000000000000002, -1.2000000000000002, -1.2000000000000002, -1.8, -1.2000000000000002, -1.2000000000000002, -1.2000000000000002, -1.0, -1.2000000000000002, -1.2000000000000002, -1.2000000000000002, -1.0, -1.2000000000000002, -1.2000000000000002, -1.2000000000000002, -1.2000000000000002, -1.0, -1.8, -1.2000000000000002, -1.2000000000000002, -1.2000000000000002, -1.2000000000000002, -1.2000000000000002, -1.2000000000000002], "3": [-1.6, -1.6, -1.8, -1.6, -1.6, -2.8000000000000003, -2.8000000000000003, -1.6, -1.6, -1.8, -1.4000000000000001, -1.6, -1.8, -1.6, -1.6, -1.6, -1.6, -1.4000000000000001, -1.8, -1.2000000000000002, -1.6, -1.6, -1.6, -1.6, -1.6, -1.8, -1.0, -1.8, -1.4000000000000001, -1.2000000000000002, -1.6, -1.6, -1.2000000000000002, -1.6, -1.6, -1.6, -1.6, -2.8000000000000003, -1.2, -1.8, -1.6, -1.0, -1.6, -1.6, -1.2000000000000002, -1.6, -1.4000000000000001, -1.6, -1.6, -1.6, -1.6, -1.6, -1.6, -1.2, -1.2000000000000002, 0.0, -1.6, -1.6, -1.6, -1.6, -1.6, -1.6, -1.2000000000000002, -1.6, -1.2000000000000002, -1.2000000000000002, -1.2000000000000002, -1.4000000000000001, -1.6, -1.6, -1.6, -1.6, -1.6, 0.0, -1.2000000000000002, -1.6, -1.6, -1.4000000000000001, -1.6, -1.8, -1.6, -1.6, -1.6, -1.2, -1.6, -1.6, -1.2000000000000002, -1.0, -1.6, -1.2000000000000002, -1.4000000000000001, -1.6, -1.6, -1.8, -1.6, -1.6, -1.6, -1.6, -1.6, -1.6], "4": [-0.6000000000000001, -0.8, -1.0, -0.8, -0.8, -1.8000000000000003, -1.8000000000000003, -0.8, -0.8, -1.0, -1.0, -0.8, -1.0, -1.2000000000000002, -0.8, -0.8, -0.8, -0.8, -1.0, -0.8, -1.2000000000000002, -0.6000000000000001, -1.2000000000000002, -0.8, -1.0, -1.0, -1.0, -1.0, -0.6000000000000001, -0.8, -0.8, -0.8, -0.8, -0.8, -0.8, -0.8, -0.8, -1.8000000000000003, -0.8, -1.0, -1.2000000000000002, -1.0, -1.2000000000000002, -0.8, -0.8, -0.8, -1.0, -1.0, -1.2000000000000002, -1.0, -1.2000000000000002, -0.8, -1.2000000000000002, -0.8, -0.8, 0.0, -0.8, -0.8, -0.8, -0.8, -1.0, -0.8, -0.8, -0.8, -1.2000000000000002, -1.2000000000000002, -1.2000000000000002, -0.6000000000000001, -0.8, -1.2000000000000002, -0.8, -0.8, -0.8, 0.0, -1.2000000000000002, -0.8, -0.8, -0.8, -0.8, -1.0, -1.0, -0.8, -0.8, -0.8, -1.2000000000000002, -0.8, -0.8, -1.0, -0.8, -0.8, -1.0, -1.2000000000000002, -0.8, -1.0, -0.8, -1.0, -1.2000000000000002, -0.8, -0.8, -0.8], "5": [-0.8, -0.8, -1.2000000000000002, -0.8, -0.8, -1.2000000000000002, -1.2000000000000002, -0.8, -0.8, -0.4, -0.6000000000000001, -0.8, -1.2000000000000002, -0.8, -0.8, -0.8, -0.8, -0.6000000000000001, -0.4, -0.6000000000000001, -0.8, -0.8, -0.2, -0.8, -1.0, -0.4, -0.8, -1.2000000000000002, -0.2, -0.6000000000000001, -0.6000000000000001, -0.8, -0.2, -0.8, -0.8, -0.6000000000000001, -0.8, -1.2000000000000002, -0.4, -0.4, -0.2, -0.8, -0.8, -0.8, -0.6000000000000001, -0.8, -0.6000000000000001, -0.6000000000000001, -0.8, -0.6000000000000001, -0.2, -0.8, -0.2, -0.4, -0.6000000000000001, 0.0, -0.8, -0.8, -0.8, -0.8, -1.0, -0.8, -0.6000000000000001, -0.8, -0.8, -0.8, -0.8, -0.2, -0.8, -0.8, -0.8, -0.8, -0.8, 0.0, -0.8, -0.8, -0.8, -0.6000000000000001, -0.8, -1.2000000000000002, -1.0, -0.8, -0.8, -0.4, -0.8, -0.8, -0.2, -0.8, -0.8, -0.2, -0.6000000000000001, -0.8, -0.8, -1.2000000000000002, -0.8, -0.6000000000000001, -0.2, -0.8, -0.8, -0.8], "6": [-1.6, -1.4000000000000001, -0.8, -2.2, -0.8, -2.2, -2.2, -0.8, -0.8, -1.4000000000000001, -0.8, -1.4000000000000001, -0.8, -1.4000000000000001, -0.8, -0.8, -0.8, -0.8, -1.4000000000000001, -0.8, -0.8, -1.6, -0.8, -0.8, -1.4000000000000001, -1.4000000000000001, -0.6000000000000001, -0.8, -0.6000000000000001, -0.8, -0.8, -0.8, -0.8, -0.8, -0.8, -0.8, -0.8, -2.2, -1.6, -1.4000000000000001, -0.8, -0.6000000000000001, -1.4000000000000001, -0.8, -0.8, -1.4000000000000001, -0.8, -0.8, -0.8, -0.8, -0.8, -0.8, -0.8, -1.6, -0.8, 0.0, -0.8, -1.4000000000000001, -0.8, -0.8, -1.4000000000000001, -1.4000000000000001, -0.8, -1.4000000000000001, -1.4000000000000001, -1.4000000000000001, -1.4000000000000001, -0.6000000000000001, -0.8, -1.4000000000000001, -0.8, -0.8, -1.4000000000000001, 0.0, -1.4000000000000001, -0.8, -0.8, -0.8, -1.4000000000000001, -0.8, -1.4000000000000001, -0.8, -0.8, -1.6, -0.8, -0.8, -0.8, -0.6000000000000001, -0.8, -0.8, -0.8, -1.4000000000000001, -0.8, -0.8, -0.8, -0.8, -0.8, -0.8, -0.8, -0.8],