{"mode": "p1_llm", "samples_per_game": 100, "player1_payoff": 88.79999999999997, "player2_payoff": 100.7999999999999, "suboptimal_choices": 205, "percentage_suboptimal_choices": 51.24999999999999, "total_choices": 400, "pay_off_left": 436.0, "overall_payoff_p1": {"1": [6.0, 1.1999999999999997, -2.4000000000000004, 1.7999999999999998, 4.8, -0.8, 5.4, 1.5999999999999999, 3.6, 2.1999999999999997, -2.4000000000000004, 10.8, -1.2000000000000002, 1.7999999999999998, 8.4, 1.4, -0.8, 1.1999999999999997, -2.4000000000000004, 12.0, 1.7999999999999998, 1.1999999999999997, 4.8, 1.7999999999999998, 9.0, 5.6, 3.5999999999999996, 5.2, 2.4, 6.0, 3.5999999999999996, 5.2, 5.2, 2.0, 5.2, 1.1999999999999997, 1.7999999999999998, 9.0, 2.4, 5.3999999999999995, 5.0, 5.3999999999999995, 2.4, 1.5999999999999999, 7.8, 4.8, 1.1999999999999997, 8.8, 2.0, 4.8, 1.1999999999999997, 1.7999999999999998, 5.8, 1.1999999999999997, 4.8, 4.8, 1.1999999999999997, -0.8, 7.0, 1.7999999999999998, 8.4, 1.1999999999999997, 2.4, 2.0, 6.0, 5.0, 5.2, 0.19999999999999973, 1.1999999999999997, 4.8, 4.8, 4.8, 2.1999999999999997, 5.2, 1.4, -1.8000000000000003, 8.6, 1.7999999999999998, 5.0, -2.4000000000000004, 1.4, 5.0, 5.8, 2.1999999999999997, -1.4000000000000001, 5.6, 1.1999999999999997, 5.0, 5.6, 2.8, 1.7999999999999998, 1.7999999999999998, 2.1999999999999997, 5.2, 1.1999999999999997, 5.8, 1.1999999999999997, 5.0, 5.0, 5.3999999999999995], "2": [1.5999999999999999, 5.6, -2.4000000000000004, 3.6000000000000005, 4.8, -2.0, -2.0, -0.6000000000000001, 2.4, 6.4, -0.6000000000000001, 12.0, -2.0, 3.6000000000000005, 1.2, 5.2, -2.4000000000000004, -2.4000000000000004, -1.6, 9.6, 6.0, 1.5999999999999999, 3.0, -1.6, 1.2, 5.2, 6.0, 6.0, 1.5999999999999999, 6.0, 1.8, 2.4, 1.5999999999999999, -2.4000000000000004, 5.2, 6.0, 4.8, 6.0, -2.0, 5.6, 6.0, 6.0, 4.8, -1.0, -1.0, 6.0, 2.4, 1.5999999999999999, -1.8, 6.0, 5.2, 5.6, 5.6, 1.2, 2.0, 6.0, 4.8, -1.2000000000000002, 6.4, 1.2, 6.0, 1.2, -2.0, 1.2, 5.2, 4.8, 5.2, 4.4, -1.8, 6.0, 1.2, -1.2000000000000002, -0.6000000000000001, 2.4, 4.8, -1.2000000000000002, 2.4, 2.8, 5.6, 4.4, 5.4, 2.6, 4.8, -0.6000000000000001, -2.0, 5.2, 6.0, 5.2, 6.0, -2.0, 2.4, 1.2, 3.6000000000000005, 1.5999999999999999, 1.2, 5.6, 6.0, 6.0, 5.6, -2.4000000000000004], "3": [4.6, 0.1999999999999998, -1.4000000000000001, -2.8000000000000003, 4.999999999999999, -1.6, 0.7999999999999998, -0.4000000000000002, 0.3999999999999999, 5.199999999999999, 1.0, 4.4, -0.4, 0.8, -0.4000000000000003, 5.6, -1.6, 4.4, 5.0, 10.4, 8.0, 5.199999999999999, -0.2000000000000003, 2.0, 0.5999999999999999, 2.0, 5.800000000000001, 1.4, 5.199999999999999, 7.4, -0.4000000000000002, 8.0, 5.0, 1.2, 7.0, 3.1999999999999997, 4.4, -2.0, 7.0, 4.2, 6.799999999999999, 3.8000000000000003, 6.799999999999999, 4.2, 1.4, 7.6, 5.0, 0.19999999999999973, 5.0, 4.6, 2.0, 8.0, 5.800000000000001, 4.4, 4.999999999999999, 7.4, -1.6, -1.4, 5.0, 3.4, 4.399999999999999, 2.6, 5.6, 4.2, 4.999999999999999, 4.0, 4.2, 1.4, 2.6, 7.0, 4.2, 2.0, -1.0, 7.4, 5.0, -2.0, 4.799999999999999, 0.8, 3.8000000000000003, 1.8, -0.4000000000000002, 4.2, 6.799999999999999, -2.220446049250313e-16, -2.8000000000000003, 4.8, 1.6, 5.3999999999999995, 8.0, 4.999999999999999, 5.199999999999999, 4.3999999999999995, 5.0, 4.0, -1.6, 7.0, 6.2, 4.4, 7.3999999999999995, 4.0], "4": [1.2000000000000002, 1.2000000000000002, -1.2000000000000002, 3.6, 4.0, -1.2000000000000002, 3.8, 1.2000000000000002, 3.6, 5.6, -0.8, 3.0, -1.4000000000000001, 3.4, -0.20000000000000007, -1.6, -1.4000000000000001, 1.0, 1.0000000000000002, 6.6, 3.4, 8.0, 1.0000000000000002, 3.6, 1.0, 0.19999999999999996, 3.4, 0.8000000000000002, 3.2, 4.0, -1.8000000000000003, 3.6, 4.0, -1.2000000000000002, 3.4, -1.2000000000000002, 3.4, 2.2, 3.6, 3.4, 3.0, 1.2000000000000002, 3.4, 3.4, 4.0, 3.4, 3.2, -1.4, 0.5999999999999999, 5.0, 3.2, 4.0, 0.19999999999999996, 3.8, 1.0000000000000002, 1.0, 1.0000000000000002, -0.8, 7.8, 0.5999999999999999, 3.6, 4.0, -1.4, 0.19999999999999996, 1.0000000000000002, -1.4, 3.8, 3.0, 3.0, 3.0, 3.6, 2.2, 5.8, 3.6, 3.6, -1.6, 3.0, 1.2000000000000002, 4.0, 3.4, 1.0000000000000002, 3.6, 3.6, 1.0000000000000002, -1.4, 3.4, 3.6, 3.0, 3.0, 5.4, 1.6, -1.4000000000000001, 4.0, 3.4, 2.6, 3.4, 1.2000000000000002, 0.8000000000000002, 1.0000000000000002, -1.2000000000000002], "5": [-1.1102230246251565e-16, 3.6, -1.2000000000000002, -1.1102230246251565e-16, 2.8, -1.2000000000000002, 3.0, -1.1102230246251565e-16, -1.1102230246251565e-16, 4.0, -0.8, 4.8, -0.6000000000000001, -1.2000000000000002, 3.6, 3.6, -0.6000000000000001, 2.4, -0.8, 1.2, 4.0, 0.3999999999999999, -1.0, 2.4, 3.6, 2.4, 2.4, 3.6, -1.1102230246251565e-16, 3.6, -1.1102230246251565e-16, 3.6, 4.0, -1.0, 4.0, 2.4, 3.6, 4.8, 1.2, 2.8, 3.6, 3.6, 2.8, -0.8, 1.2, 2.4, -1.2000000000000002, 6.0, -1.2000000000000002, 2.6, 3.6, 4.0, 3.0, -1.0, 3.0, 2.6, 0.3999999999999999, -1.0, 4.0, -0.8, 0.3999999999999999, 1.2, -1.2000000000000002, -1.1102230246251565e-16, 3.6, -1.0, -1.1102230246251565e-16, -1.1102230246251565e-16, 2.8, 3.6, 2.8, 6.0, 0.3999999999999999, 4.0, -1.1102230246251565e-16, -0.6000000000000001, -0.8, 2.4, 2.8, 1.2, 4.0, -0.6000000000000001, 4.0, 0.3999999999999999, -0.8, 2.4, 4.0, 2.4, -1.2000000000000002, 4.0, 1.2, 2.4, -0.8, -1.1102230246251565e-16, -0.8, 4.0, 2.4, 3.6, 3.6, 2.8], "6": [-2.2, 4.0, -0.8, 2.5999999999999996, 4.0, -1.6, -1.4000000000000001, -0.8, 3.4, 3.2, 4.0, 2.5999999999999996, -0.8, -2.2, 0.0, 4.0, -0.8, 2.5999999999999996, 4.0, 2.5999999999999996, 2.5999999999999996, 3.2, 3.4, -0.8, -0.8, 3.2, -0.8, 4.0, 2.5999999999999996, 7.0, 4.0, 4.0, 4.0, 3.2, 4.0, 3.4, 6.2, 2.2, 3.4, 4.0, 3.4, 3.4, 4.0, 2.2, 4.0, 4.0, -0.8, -0.8, 4.0, 7.0, 3.2, 3.2, 4.0, -0.8, 3.4, 4.0, -2.2, -0.8, 3.2, 3.2, 4.0, 3.4, 4.0, -0.8, 11.0, 4.0, 3.2, -0.8, 3.2, 7.4, 2.5999999999999996, -1.6, -0.8, -1.4000000000000001, 3.2, -1.4000000000000001, -0.8, 4.0, 3.4, -1.6, -2.2, -1.4000000000000001, 4.0, -0.8, 0.0, 3.4, 4.0, 3.4, 7.0, 7.4, -1.6, 4.0, 2.2, -0.8, 1.4000000000000001, 4.0, -2.2, -1.4000000000000001, 4.0, -0.8], "7": [4.199999999999999, 7.0, -1.4, 0.6, 4.199999999999999, -1.7999999999999998, -1.4, 3.4, 1.8000000000000003, 7.0, -1.7999999999999998, 6.6, -1.7999999999999998, 1.7999999999999998, -0.6000000000000001, 7.0, -1.2000000000000002, 3.0, -1.0, 6.6, 7.0, 7.0, 1.0, 0.6, 2.2, 4.6, 1.8000000000000003, 5.3999999999999995, 7.0, 5.3999999999999995, 1.4, 6.6, 5.3999999999999995, 0.6, 7.0, 4.199999999999999, 7.0, 5.8, 4.199999999999999, 3.4, 3.0, 6.6, 6.6, 3.4, 2.2, 1.8000000000000003, 7.0, -0.20000000000000007, 1.0, 4.6, 7.0, 4.199999999999999, 4.199999999999999, 5.3999999999999995, 3.4, 3.4, 5.6, -1.4, 6.6, 1.0, 6.6, 2.2, 1.0, 3.2, 7.0, 4.199999999999999, 6.6, 3.0, 1.8000000000000003, 4.199999999999999, 1.0, 0.6, 3.4, 6.6, 6.6, -1.7999999999999998, 6.6, 5.0, 3.4, 0.19999999999999996, 7.8, 3.0, 7.0, 4.6, -1.2000000000000002, 3.4, 4.199999999999999, 3.4, 4.199999999999999, 5.3999999999999995, 1.4, 4.6, 3.2, 3.0, 7.8, 4.6, -0.20000000000000007, 5.3999999999999995, 5.3999999999999995, 4.199999999999999],