{"mode": "p1_llm", "samples_per_game": 100, "player1_payoff": 37.00000000000002, "player2_payoff": 350.00000000000045, "suboptimal_choices": 149, "percentage_suboptimal_choices": 37.25, "total_choices": 400, "pay_off_left": 295.0, "overall_payoff_p1": {"1": [5.0, -4.440892098500626e-16, 5.2, 5.3999999999999995, 6.0, -1.6, 5.4, 1.5999999999999999, 6.0, 6.0, 2.1999999999999997, 6.0, -1.4000000000000001, -1.2000000000000002, 2.4, 5.4, 2.4, 5.6, 6.0, 5.8, -1.2000000000000002, -2.2, 5.4, -1.2000000000000002, 1.7999999999999998, 5.8, 5.6, 5.8, 2.1999999999999997, 8.6, 6.0, 6.0, 4.8, 6.0, 5.4, 5.8, 1.4, 5.8, 6.0, 5.6, 1.7999999999999998, 6.0, 6.0, 7.2, 1.7999999999999998, -1.2000000000000002, 2.4, -1.2000000000000002, 6.0, 5.8, 5.6, 1.4, 6.0, 5.4, 2.4, 6.0, 6.0, -2.2, 1.5999999999999999, 5.4, 5.4, 2.4, 5.2, -1.4000000000000001, 1.7999999999999998, 1.7999999999999998, 5.4, 6.0, 1.7999999999999998, 5.4, 1.7999999999999998, 5.4, 4.8, -1.2000000000000002, 5.8, 5.4, 5.0, 5.8, -2.0000000000000004, 5.4, -2.2, 4.4, 6.0, -1.6, 5.6, 6.0, 6.0, 6.0, 5.6, 9.0, 0.19999999999999973, 1.5999999999999999, 2.4, -1.2000000000000002, 4.8, 6.0, 6.0, 6.0, 6.0, 6.0], "2": [6.0, -2.4000000000000004, 1.5999999999999999, 6.0, 5.6, -2.0, 2.4, 2.4, 6.0, 6.0, 2.4, 6.0, -2.0, -1.2000000000000002, 6.0, 2.4, -0.6000000000000001, 4.8, -2.4000000000000004, 6.0, -1.2000000000000002, -2.4000000000000004, 2.4, -1.2000000000000002, 6.4, 6.0, 6.0, 6.0, 2.4, 6.0, 6.0, 5.2, 4.8, 5.6, 6.0, 5.6, 2.4, 6.0, 5.2, 6.0, 2.0, 6.0, 6.0, 4.8, 2.0, -1.2000000000000002, 6.0, -2.0, -1.4000000000000001, 6.0, 5.6, 2.0, 6.0, 1.5999999999999999, 2.4, 6.0, 6.0, -2.220446049250313e-16, 1.5999999999999999, 6.0, 6.0, 5.6, 1.5999999999999999, -1.2000000000000002, 2.4, 6.0, 5.6, 6.0, 1.5999999999999999, 6.0, -2.0, 6.0, 6.0, -1.2000000000000002, 2.0, 5.6, 6.0, -2.0, -1.2000000000000002, 6.0, 3.0, 2.0, 2.4, -1.6, 2.0, 6.0, 6.0, 2.4, 6.0, 6.0, -2.4000000000000004, 1.5999999999999999, 6.0, -1.2000000000000002, 4.8, 1.5999999999999999, 6.0, 5.2, 6.0, 1.2], "3": [8.0, 3.8, 4.4, 8.0, 7.4, -2.6, 4.4, 4.4, 8.0, 5.3999999999999995, 1.6, 8.0, -1.6, -1.6, 7.6, 7.0, -2.8000000000000003, 8.0, -2.2, 4.0, -1.6, -2.8000000000000003, 3.8000000000000003, 5.6, 8.0, 3.8, 8.0, 1.4, 1.4000000000000001, 8.0, 8.0, 8.0, 6.799999999999999, 7.8, 8.0, 7.6, 4.4, 8.0, 7.3999999999999995, 8.0, 3.0, 1.2, 8.0, 6.799999999999999, 1.8, -1.6, 8.0, 5.199999999999999, -2.2, 8.0, 8.0, 3.8, 8.0, -2.220446049250313e-16, 1.0, 4.999999999999999, 2.0, -2.8000000000000003, 5.6, 8.0, 7.4, 8.0, 5.6, -1.6, 4.2, 4.0, 8.0, 8.0, 4.4, 5.3999999999999995, 4.4, 1.4, 7.0, -1.6, 4.2, 8.0, 7.0, -2.4000000000000004, -1.6, 3.8000000000000003, -2.8000000000000003, 0.1999999999999998, 7.8, 5.6, 4.2, 8.0, 7.6, 2.0, 8.0, 3.8000000000000003, -2.8000000000000003, 5.6, 8.0, -1.6, 6.799999999999999, 0.8, 7.4, 8.0, 8.0, 4.6], "4": [3.6, 5.0, 1.6, 4.0, 4.0, -0.8, 1.6, 1.6, 3.8, 4.0, 1.2000000000000002, 4.0, -0.8, -0.8, 4.0, -1.0, 3.6, 4.0, 4.0, 4.0, -0.8, 1.0, 1.0000000000000002, 2.0, 1.0000000000000002, 4.0, 3.8, 3.8, 1.2000000000000002, 4.0, 3.6, 4.0, 3.0, 4.0, 3.6, 3.8, 1.6, 3.6, 4.0, 3.8, 4.0, 3.8, 4.0, 3.0, 4.0, -0.8, 1.6, 1.6, 4.0, 3.4, 4.0, 3.8, 4.0, -1.4, 1.2000000000000002, 4.0, 3.8, 1.4000000000000001, 3.2, 3.8, 1.4000000000000001, 4.0, 3.0, -0.8, 1.2000000000000002, 1.6, 4.0, 3.6, 3.8, 4.0, 3.8, 3.8, -1.0, -0.8, 4.0, 4.0, -1.4000000000000001, 3.2, -0.8, 1.4000000000000001, 1.4000000000000001, 4.0, 3.8, 1.0, 3.6, 3.8, 4.0, 4.0, 3.8, 1.4000000000000001, 1.4000000000000001, 3.0, 4.0, -0.8, 3.0, 1.2000000000000002, 3.4, 3.8, 3.8, 1.2000000000000002], "5": [4.0, 2.8, -1.2000000000000002, 4.0, 4.0, -0.8, -1.2000000000000002, -1.2000000000000002, 2.8, 2.8, -0.8, 2.8, -0.8, -0.8, 4.0, 4.0, 0.3999999999999999, 4.0, 2.8, 2.8, -0.8, 4.0, 3.6, -0.8, -1.2000000000000002, -1.1102230246251565e-16, 4.0, 2.8, -0.8, 4.0, 4.0, 4.0, 3.6, 4.0, 4.0, 2.8, -1.2000000000000002, 4.0, 3.6, 4.0, -1.2000000000000002, 2.8, 2.8, 3.6, -1.2000000000000002, -0.8, 4.0, -0.8, 2.8, 2.8, 2.8, -1.1102230246251565e-16, 4.0, 3.6, -0.8, 2.8, 4.0, 4.0, 4.0, 4.0, 3.6, 4.0, 4.0, -0.8, -1.2000000000000002, -1.1102230246251565e-16, 4.0, 4.0, 0.3999999999999999, 2.8, 0.3999999999999999, 2.8, 4.0, -0.8, -0.8, 4.0, 4.0, 2.8, -0.8, 3.6, 4.0, -1.1102230246251565e-16, 4.0, -0.8, -0.8, 4.0, 4.0, 4.0, 2.8, 3.6, 4.0, 4.0, 4.0, -0.8, 3.6, -1.1102230246251565e-16, 2.8, 2.8, 4.0, -1.1102230246251565e-16], "6": [4.0, 4.0, 7.0, 4.0, 4.0, -1.4000000000000001, 7.0, 3.4, 3.4, 4.0, 4.0, 7.0, -1.4000000000000001, -0.8, 4.0, 3.2, -0.8, 4.0, -0.8, 4.0, -1.4000000000000001, 1.4000000000000001, 3.2, 4.0, 3.4, 3.4, 4.0, 3.4, 3.4, 4.0, 3.4, 4.0, 6.2, 4.0, 4.0, 3.4, 3.4, 4.0, 4.0, 4.0, -1.6, 3.4, 3.4, 2.5999999999999996, -2.2, -0.8, 4.0, 4.0, -0.8, 3.4, 3.4, 3.4, 4.0, -0.8, 4.0, 4.0, 3.4, -2.2, 3.2, 4.0, 2.5999999999999996, 4.0, 3.2, -0.8, 3.4, 3.4, 4.0, 4.0, -0.8, 4.0, -0.8, 7.0, 3.2, -0.8, -1.4000000000000001, 3.4, 3.2, -0.8, -0.8, 3.2, -2.2, 4.0, 4.0, 4.0, -1.4000000000000001, 4.0, 4.0, 4.0, 3.4, 3.2, -2.2, 3.2, 4.0, -0.8, 2.5999999999999996, 3.4, 4.0, 3.4, 4.0, 4.0], "7": [7.0, 2.2, 1.0, 7.0, 3.4, -1.4, 1.2, 1.0, 3.4, 4.6, 1.0, 4.6, -1.2000000000000002, -1.4, 7.0, 3.4, 4.6, 7.0, 3.4, 5.0, -1.4, 5.3999999999999995, -0.20000000000000007, -1.4, 5.8, 3.4, 7.0, 4.6, 1.0, 7.0, 5.8, 7.0, 6.6, 4.6, 7.0, 4.6, 1.0, 5.8, 7.0, 7.0, -0.6000000000000001, 3.8, 3.4, 6.6, -0.6000000000000001, -1.4, 7.0, -1.4, 3.4, 4.6, 4.6, 1.0, 7.0, 2.2, 1.0, 4.6, 7.0, 5.3999999999999995, 7.0, 4.6, -0.20000000000000007, 7.0, 7.0, -1.4, 1.0, 4.6, 7.0, 7.0, 3.6, 4.6, 3.4, 4.6, 3.4, -1.4, 3.2, 7.0, 4.6, 3.4, -1.4, -0.20000000000000007, 5.3999999999999995, 0.6, 7.0, -1.4, 3.0, 7.0, 7.0, 7.0, 3.8, -0.20000000000000007, 5.3999999999999995, 5.8, 7.0, -1.4, 6.6, 4.6, 3.4, 3.4, 7.0, 4.6], "8": [1.6, 3.8, 1.2, 2.4, -1.1102230246251565e-16, -1.2000000000000002, 0.5999999999999999, -1.2000000000000002, 0.7999999999999999, 2.4, -1.8000000000000003, 1.7999999999999998, -0.6000000000000001, -1.2000000000000002, 2.4, 2.2, -2.2, 3.0, -1.1102230246251565e-16, -2.0, -1.2000000000000002, 3.4, 2.0, -0.6000000000000001, 0.7999999999999999, -1.1102230246251565e-16, 3.0, 0.9999999999999999, 1.2, 2.4, 2.4, 2.4, 8.2, 3.0, 3.0, 2.8000000000000003, 0.5999999999999999, 2.4, 3.0, 2.6, -0.8000000000000002, 3.4, 0.19999999999999984, 3.4000000000000004, -1.1102230246251565e-16, -0.6000000000000001, 2.4, -1.2000000000000002, -0.6000000000000002, 0.3999999999999999, 2.4, 3.7999999999999994, 2.0, 0.19999999999999984, 1.2, 1.7999999999999998, 3.0, -2.0, 5.6, -0.6000000000000002, -1.1102230246251565e-16, 2.6, 2.4, -1.2000000000000002, 1.2, 1.7999999999999998, -1.1102230246251565e-16, 2.6, -1.0000000000000002, 2.4, -0.40000000000000013, 0.9999999999999999, -0.8000000000000002, -1.2000000000000002, 2.0, 3.0, 2.2, 0.6, -1.2000000000000002, 6.0, -2.0, 2.6, 3.0, -1.0, 1.6, -1.1102230246251565e-16, 3.0, 2.4, 0.3999999999999999, 6.0, -2.0, 1.7999999999999998, 6.0, -1.0, 4.6, 0.9999999999999999, 1.7999999999999998, 0.7999999999999999, 2.4, -1.4], "9": [9.0, 4.0, -1.8, 9.0, 9.0, -2.0, -1.8, -1.8, 4.2, 4.2, -1.8, 4.2, -1.8, -1.8, 9.0, 9.0, -1.0, 9.0, -2.0, 4.2, -2.0, 3.0, 3.0, 4.0, 4.0, 4.2, 9.0, 2.8, -1.8, 9.0, 2.8, 8.8, 8.8, 9.0, 8.8, 4.2, -1.8, 9.0, 9.0, 9.0, 2.8, 2.8, 4.0, 8.8, 2.8, -2.0, 9.0, 4.0, -2.0, 4.2, 4.2, 4.2, 9.0, -2.0, -1.8, 4.2, 9.0, 3.0, 9.0, 9.0, 2.8, 9.0, 9.0, -1.8, -1.8, 4.2, 9.0, 9.0, 4.2, 4.2, 4.2, 2.8, 9.0, -1.8, 8.8, 9.0, 9.0, -2.0, -1.8, 3.0, 2.8, 3.0, 9.0, 4.0, 8.8, 9.0, 9.0, 9.0, 4.2, 3.0, 3.0, 9.0, 9.0, -1.8, 10.0, 4.2, 4.0, 4.2, 9.0, 4.2],