{"mode": "p2_llm", "samples_per_game": 100, "player1_payoff": 5.7999999999999865, "player2_payoff": 309.80000000000024, "suboptimal_choices": 188, "percentage_suboptimal_choices": 47.0, "total_choices": 400, "pay_off_left": 346.0, "NCI-per-game": [0.4568176352705411, 0.4262406015037594, 0.4206455203116305, 0.5093867735470942, 0.24767001114827203, 0.5342251950947603, 0.34789473684210526, 0.3225375626043406, 0.29556298773690076, 0.37528822055137845], "NCI": "0.3936269244610783 \u00b1 0.0879524493090059", "overall_payoff_p1": {"1": [-1.8000000000000003, 0.0, 1.1999999999999997, 2.4, -0.6000000000000001, -2.4000000000000004, -1.8000000000000003, 1.5999999999999999, -1.2000000000000002, -1.8000000000000003, -1.2000000000000002, -1.4000000000000001, -1.2000000000000002, -2.4000000000000004, -1.2000000000000002, 5.6, -1.2000000000000002, 1.2, -1.2000000000000002, -1.6, -1.6, -1.8000000000000003, -1.4000000000000001, -2.2, -1.2000000000000002, -1.2000000000000002, -0.6000000000000001, 2.4, -1.8000000000000003, 2.4, -2.2, -0.6000000000000001, 2.4, -2.2, -1.2000000000000002, 2.4, -1.2000000000000002, -1.4000000000000001, -1.8000000000000003, -1.6, -1.2000000000000002, -1.2000000000000002, 2.4, -1.2000000000000002, -1.8000000000000003, -1.2000000000000002, 2.4, -1.4000000000000001, -1.6, -2.4000000000000004, -1.6, 0.7999999999999998, -1.4000000000000001, -1.2000000000000002, 1.7999999999999998, -1.8000000000000003, -1.8000000000000003, -1.2000000000000002, -0.6000000000000001, -1.2000000000000002, 1.5999999999999999, -0.6000000000000001, -1.2000000000000002, 2.0, -1.2000000000000002, 1.7999999999999998, -0.6000000000000001, -1.2000000000000002, 2.1999999999999997, -1.2000000000000002, 2.4, -1.8000000000000003, -1.4000000000000001, 2.0, 1.5999999999999999, -1.4000000000000001, 1.7999999999999998, -1.2000000000000002, 5.0, -1.2000000000000002, 2.4, -2.4000000000000004, -1.2000000000000002, 5.6, -1.2000000000000002, -1.2000000000000002, -1.2000000000000002, -1.2000000000000002, 2.4, 2.0, 2.4, 1.2, -0.6000000000000001, -1.2000000000000002, 1.5999999999999999, -1.0, -1.2000000000000002, -1.2000000000000002, -0.6000000000000001, -1.2000000000000002], "2": [-1.2000000000000002, 0.0, -2.4000000000000004, 5.2, -2.0, -2.220446049250313e-16, 6.0, -1.2000000000000002, 0.5999999999999999, 2.4, -1.2000000000000002, 1.2, -2.0, 1.2, -0.8, -1.2000000000000002, -0.6000000000000001, -1.2000000000000002, 1.5999999999999999, 3.6, -1.2000000000000002, -1.2000000000000002, 2.4, 2.2, -2.4000000000000004, 2.0, -1.2000000000000002, 2.4, 2.4, 2.4, -1.6, -1.0, 1.5999999999999999, 2.4, 5.6, -1.2000000000000002, -1.2000000000000002, -1.2000000000000002, 2.4, 2.4, -1.2000000000000002, -1.2000000000000002, 2.4, 2.4, -1.6, 2.0, 2.0, -2.0, -1.0, 1.2, 2.4, 2.0, 1.2, 2.4, 2.2, -2.0, -1.2000000000000002, 2.4, -0.6000000000000001, -1.2000000000000002, 2.2, 0.0, -1.2000000000000002, -1.0, -1.2000000000000002, -1.8, -0.8, 2.4, 2.4, 4.0, -1.8, -1.2000000000000002, -2.0, -1.4000000000000001, -1.8, -1.2000000000000002, 2.2, 0.0, 2.6, 1.4, 2.0, 1.5999999999999999, -1.2000000000000002, 2.0, 2.4, 2.4, -1.2000000000000002, 2.4, 2.4, -1.6, -0.6000000000000001, -1.2000000000000002, 0.0, 2.4, 1.5999999999999999, -1.8, 2.2, 6.0, 0.0, 2.4], "3": [0.8, -1.6, 3.1999999999999997, 1.5999999999999996, 5.6, -2.2, 4.0, -2.2, 1.4, 4.4, 5.199999999999999, -1.0, 4.4, 4.4, -2.4000000000000004, 0.9999999999999999, -1.6, 3.1999999999999997, 2.0, -2.220446049250313e-16, 0.19999999999999973, 4.4, 1.4, 0.5999999999999999, -1.4000000000000001, 2.1999999999999997, 1.6, 3.8000000000000003, 3.4, 7.8, 4.4, -1.2000000000000002, 4.4, 4.0, -1.6, 7.6, 1.0, -1.6, 2.0, 2.0, 0.7999999999999998, 1.2, 4.4, 1.4, 0.3999999999999998, 0.7999999999999998, 1.4, 4.4, 1.2, 0.7999999999999998, 4.4, -0.6000000000000001, 4.4, 2.2, -1.6, 4.2, 0.3999999999999998, 5.3999999999999995, -1.0, -1.6, -0.6000000000000001, -2.2, 8.0, 4.2, -1.0, 0.8, -0.6000000000000001, 4.8, 0.7999999999999998, -1.6, 0.8, 3.9999999999999996, 2.0, 1.6, -1.0, 4.0, 7.0, -2.4000000000000004, 1.4000000000000001, 5.6, 0.3999999999999998, 4.4, -2.0, 2.0, -0.6000000000000001, 4.4, 0.7999999999999998, -1.6, 4.4, -1.5999999999999999, 1.4, 0.3999999999999998, -0.6000000000000001, 2.8, -2.0, 4.2, 0.9999999999999999, 4.4, -1.8, 4.0], "4": [-0.6000000000000001, 0.0, 0.5999999999999999, 1.6, -0.4, 1.4, 1.6, 1.6, 2.2, 1.8, -1.2000000000000002, -0.8, 1.6, 1.6, 1.6, -0.6000000000000001, -0.4, 3.4, 1.6, 2.6, 1.0, 1.2000000000000002, 1.2000000000000002, 1.4000000000000001, 1.2000000000000002, -0.8, -1.4, 1.4000000000000001, 1.2000000000000002, 1.6, 1.0, 1.2, 1.6, 1.4000000000000001, -0.20000000000000007, 1.6, -0.8, 3.8, 3.8, 1.6, 1.2000000000000002, 3.8, 1.4000000000000001, 1.2000000000000002, -1.0, 1.6, 3.8, 1.6, 1.6, 0.6, 1.6, -0.8, -1.0, 1.4000000000000001, 1.8, 1.6, -1.4000000000000001, -1.0, -1.2000000000000002, 1.2000000000000002, -0.6000000000000001, 3.6, 1.4000000000000001, 1.6, -0.8, 3.4000000000000004, -0.4, 1.6, 1.6, -0.8, 1.4000000000000001, 1.8, 0.8000000000000002, 1.2, -1.0, -0.8, 1.4000000000000001, 1.2000000000000002, 1.2000000000000002, -0.8, 1.4000000000000001, 1.4000000000000001, 1.0, 4.0, 1.6, 1.6, 3.6, 3.6, 2.0, 1.6, 2.0, -0.8, -1.2000000000000002, 1.6, 0.7999999999999998, 1.8, -1.0, 1.2000000000000002, 0.8000000000000002, -0.8], "5": [-0.8, -0.6000000000000001, 4.8, -0.6000000000000001, -0.6000000000000001, -0.6000000000000001, -0.8, -1.2000000000000002, -1.0, -1.2000000000000002, -0.8, -0.8, -1.1102230246251565e-16, -0.8, 3.0, -0.8, -1.0, -1.0, -0.8, -0.8, -0.6000000000000001, 0.3999999999999999, -1.2000000000000002, 1.0, -1.0, 2.6, -0.4, -0.6000000000000001, -1.2000000000000002, -0.6000000000000001, 4.0, 0.3999999999999999, -1.2000000000000002, 3.6, -0.6000000000000001, 2.8, -0.6000000000000001, 3.0, -0.6000000000000001, -1.2000000000000002, -0.8, -0.8, -0.8, -0.8, 2.8, 2.8, -0.6000000000000001, 0.3999999999999999, -0.6000000000000001, -1.1102230246251565e-16, -1.2000000000000002, -1.2000000000000002, 3.0, -1.1102230246251565e-16, -1.0, -0.8, 0.6, 3.0, -1.0, -0.8, -1.2000000000000002, 0.3999999999999999, -0.8, -0.6000000000000001, -1.2000000000000002, 3.0, -0.4, 1.2, -0.6000000000000001, -1.0, -0.6000000000000001, -1.2000000000000002, -1.2000000000000002, 1.2, -1.0, -0.8, -0.4, -0.2, 1.8, -0.2, -0.6000000000000001, 2.8, 3.0, -1.2000000000000002, 2.8, -1.2000000000000002, 2.4, -0.8, -0.4, 1.2, -0.4, -0.6000000000000001, -0.6000000000000001, 2.8, 3.6, -1.2000000000000002, -0.2, -0.8, -0.2, -0.8], "6": [3.2, -0.8, 6.2, -0.8, 4.0, 3.4, 4.0, 4.0, 4.0, -1.6, -0.8, -0.8, -1.4000000000000001, 2.5999999999999996, -1.4000000000000001, -1.6, 0.0, -1.4000000000000001, -1.4000000000000001, 2.5999999999999996, 4.0, 3.2, 2.5999999999999996, -0.8, -2.2, 4.0, 4.0, 3.4, 3.4, 3.4, -0.8, -0.8, -0.8, 3.4, 4.0, 2.5999999999999996, 4.0, 3.4, -1.4000000000000001, -0.8, 3.4, 3.4, 4.0, 4.0, 4.0, 4.0, 4.0, 4.0, -1.4000000000000001, -2.2, 4.0, 4.0, -1.4000000000000001, -0.8, -1.4000000000000001, -1.6, -1.6, 3.4, -0.6000000000000001, 3.2, 3.4, -0.8, -0.8, -1.6, 4.0, 2.5999999999999996, 0.0, 3.4, -1.4000000000000001, -0.8, -1.6, 3.2, -1.6, -0.8, -1.4000000000000001, 4.0, -0.8, 0.0, 4.0, -1.4000000000000001, -0.8, -2.2, 3.4, 4.0, 4.0, 3.2, 4.0, 2.5999999999999996, 7.0, 4.0, -1.4000000000000001, 4.0, 0.0, 4.0, 8.0, -1.4000000000000001, -0.8, 4.0, -0.8, -0.8],