{"mode": "p2_llm", "samples_per_game": 100, "player1_payoff": 0.9999999999999957, "player2_payoff": 414.0000000000005, "suboptimal_choices": 144, "percentage_suboptimal_choices": 36.0, "total_choices": 400, "pay_off_left": 275.0, "overall_payoff_p1": {"1": [2.1999999999999997, 5.6, 5.4, 3.0, 2.0, 6.0, 2.4, 2.4, -2.0000000000000004, 4.8, 6.0, -1.2000000000000002, 9.0, 4.8, 6.0, -0.6000000000000001, 6.0, -2.4000000000000004, 2.4, 6.0, 3.0, 6.0, -1.2000000000000002, 2.4, 5.4, 2.4, 2.4, 5.2, 2.8, 1.4, 5.8, 2.4, 5.4, 2.4, 1.5999999999999999, 1.7999999999999998, -0.6000000000000001, 2.4, -1.2000000000000002, 5.4, 6.0, 1.7999999999999998, 1.7999999999999998, 5.4, 1.1999999999999997, 5.6, 2.4, 5.4, 6.0, 3.0, 1.4, 5.6, 5.6, 2.4, -0.6000000000000001, 4.8, 4.8, 2.4, 6.0, 5.4, 2.4, -1.8000000000000003, 6.0, 2.4, 2.4, 4.8, 6.0, 6.0, 6.0, 6.0, -1.2000000000000002, 2.4, 2.4, 6.0, 5.4, 2.4, -0.6000000000000002, 4.199999999999999, 6.0, 5.4, 2.0, 6.0, 1.7999999999999998, 6.0, 6.0, 6.0, 2.0, 2.4, 5.8, 1.7999999999999998, 9.0, -1.6, 2.4, 0.0, 2.4, -1.4000000000000001, 1.4, -1.2000000000000002, 2.4, 1.4], "2": [-1.4000000000000001, 2.4, 6.0, 2.4, 2.0, 2.4, -1.2000000000000002, 2.4, 1.5999999999999999, 1.2, 6.0, 2.4, -1.2000000000000002, 1.2, 6.0, -0.6000000000000001, 2.4, -1.8, 2.4, 2.4, -2.0, 5.6, 2.0, 2.4, 1.5999999999999999, -2.0, 6.0, 5.2, -2.0, 2.6, -1.0, -1.8, 6.0, 6.0, -1.4000000000000001, -1.8, -0.6000000000000001, 5.2, 5.2, -2.0, 2.4, 1.5999999999999999, -1.4000000000000001, 2.4, -2.4000000000000004, 6.0, 6.0, 1.5999999999999999, 2.4, 2.2, -1.6, -1.2000000000000002, -1.2000000000000002, 6.0, -1.4000000000000001, 1.2, 4.8, 2.4, 6.0, 6.0, 2.4, -1.8, 2.4, 2.6, 2.4, 2.2, 6.0, 6.0, 2.4, -1.2000000000000002, 6.0, 6.0, 6.0, 2.4, -2.0, 2.4, -1.8, -1.0, 2.4, -1.2000000000000002, -1.4000000000000001, 2.4, 1.5999999999999999, 2.4, -1.2000000000000002, -1.4000000000000001, 1.5999999999999999, -1.2000000000000002, 2.4, -1.4000000000000001, 2.4, -0.6000000000000001, 2.4, -0.6000000000000001, 2.0, -1.2000000000000002, -1.2000000000000002, -1.2000000000000002, 5.6, 2.0], "3": [-1.2000000000000002, 0.3999999999999998, 7.8, 1.0, 1.2, 4.4, 5.6, 0.19999999999999973, 2.0, 4.4, 7.4, 8.0, 7.0, 9.200000000000001, -0.2000000000000003, -1.6, 8.0, 1.4, 5.6, 1.8, 4.4, 4.4, 1.8, -0.6000000000000001, -1.2000000000000002, -2.2, 4.2, 7.0, 5.6, 0.7999999999999998, 4.3999999999999995, -1.8, 1.8, 7.6, 5.6, -1.0, 1.6, 6.0, -1.6, -1.8000000000000003, 7.6, 5.3999999999999995, 1.7999999999999998, 4.4, 3.1999999999999997, -2.2, 0.9999999999999999, -1.6, 1.4, 4.4, 0.5999999999999999, 5.6, 1.6, 8.0, -1.6, 8.0, 6.799999999999999, 4.4, 0.7999999999999998, 1.0, 4.4, 4.3999999999999995, 5.6, -0.6000000000000001, 4.4, -0.6000000000000001, 5.6, 7.0, -2.4000000000000004, 4.6, 2.8, 4.4, 0.7999999999999998, 4.0, -1.2000000000000002, 3.8000000000000003, 0.1999999999999998, -1.8, 2.4, 8.0, -2.0, 8.0, 4.4, 4.4, 1.7999999999999998, 1.0, 7.0, 2.4, -1.8, 2.0, 9.4, -1.6, 4.4, -1.6, 4.4, 2.0, 5.199999999999999, -1.0, 5.0, -1.2], "4": [1.6, 1.6, 3.6, 1.6, 4.0, -0.8, 1.6, 4.0, 3.2, 0.6000000000000002, 3.8, 3.6, -0.6000000000000001, 0.6000000000000002, 1.6, -0.6000000000000001, 3.6, 3.4, 1.6, 4.0, 2.6, 1.4000000000000001, 1.6, -0.8, -1.0, 1.4000000000000001, 1.6, -1.0, 3.2, 1.6, 1.6, 1.0, 1.2000000000000002, 1.6, 0.8000000000000002, 1.0, -0.4, 1.6, 1.2000000000000002, 1.6, 1.6, 0.8000000000000002, -1.0, 1.6, 3.0, 1.4000000000000001, -1.0, -1.0, 1.6, 3.4, 4.0, 4.0, -0.6000000000000001, 1.6, -1.2000000000000002, 3.0, 0.6000000000000002, -0.8, 1.6, -1.0, 1.6, 1.4000000000000001, -1.0, 1.2000000000000002, 3.4, -1.4, 4.0, 1.6, 3.6, -1.0, 1.6, 1.6, 4.0, -0.8, -1.0, 1.6, 0.19999999999999996, -0.8, 4.0, 4.0, 4.0, 1.6, 3.4, 4.0, 1.4000000000000001, -0.8, 1.6, 1.6, 1.6, 3.8, -0.6000000000000001, -0.8, 4.0, 0.0, 4.0, 1.6, 4.0, -0.4, 4.0, -0.8], "5": [-0.6000000000000001, 0.3999999999999999, -0.8, -0.8, -1.1102230246251565e-16, -0.8, -0.8, 3.0, 0.3999999999999999, 2.4, 2.8, 2.8, -1.1102230246251565e-16, 3.6, 4.0, 0.0, 2.8, 2.8, -0.6000000000000001, 4.0, -0.6000000000000001, -0.8, -0.4, -0.6000000000000001, -1.2000000000000002, 2.8, 0.3999999999999999, 0.3999999999999999, 2.8, 0.6, -0.6000000000000001, -1.2000000000000002, 2.6, 2.8, 2.8, -0.6000000000000001, -0.6000000000000001, -0.6000000000000001, -0.8, -0.8, -0.8, 4.0, -1.2000000000000002, -0.8, -1.1102230246251565e-16, -0.6000000000000001, 3.0, -1.2000000000000002, 0.3999999999999999, -1.0, -1.2000000000000002, -0.6000000000000001, 3.0, -0.8, -0.6000000000000001, -1.1102230246251565e-16, -1.2000000000000002, 0.3999999999999999, 2.8, 4.0, 3.6, -0.6000000000000001, -0.8, -0.8, -0.8, -1.0, 4.0, -0.8, 4.0, -0.8, -0.6000000000000001, -0.8, -1.1102230246251565e-16, 0.3999999999999999, -1.0, -0.8, -0.8, -0.4, 0.3999999999999999, -0.8, -0.8, -0.8, 1.0, 0.3999999999999999, 3.0, -0.6000000000000001, 2.8, -0.8, 3.0, 1.0, -0.8, -0.2, 2.8, -0.2, -0.8, 2.8, 4.0, -0.2, 2.8, -1.2000000000000002], "6": [-0.8, 4.0, 3.2, -0.8, 3.4, 3.4, 4.0, 3.4, -1.6, 1.4000000000000001, 3.2, 4.0, -1.6, -2.2, -1.4000000000000001, 0.0, 4.0, 4.0, -1.4000000000000001, -0.8, 4.0, 3.4, -0.8, 3.4, 3.4, 3.4, 4.0, 3.2, 3.2, 4.0, -1.4000000000000001, 2.5999999999999996, 4.0, -1.4000000000000001, 3.2, 3.4, 4.0, 3.4, 4.0, -0.8, 4.0, 3.2, -0.8, -0.8, 7.4, -1.4000000000000001, 4.0, 2.2, 4.0, 3.4, 4.0, 2.5999999999999996, -1.6, 3.4, 4.0, 7.4, -2.2, -1.4000000000000001, 4.0, -1.6, 4.0, 4.0, -2.2, 3.0, -0.8, 3.4, 4.0, 7.4, 2.5999999999999996, 3.4, 3.4, 4.0, 3.4, 4.0, -1.4000000000000001, 4.0, -0.8, -1.6, -0.8, 4.0, -0.8, 4.0, 0.0, -0.8, 3.4, 4.0, -1.4000000000000001, -0.8, 4.0, -0.8, 3.2, -1.4000000000000001, 3.4, -0.8, -0.8, 3.4, -0.8, -0.8, -1.4000000000000001, 3.2], "7": [4.0, 0.19999999999999996, 5.8, -1.2000000000000002, 2.2, 2.2, 7.0, -1.4, 7.0, -0.6000000000000001, -1.4, 5.8, 3.4, 6.6, 7.0, -1.7999999999999998, 7.0, -0.20000000000000007, 4.6, 2.2, 5.8, 4.6, -0.20000000000000007, -0.20000000000000007, 3.4, 5.0, 7.0, -0.20000000000000007, 5.8, 1.6, 3.4, -1.2000000000000002, -1.0, 1.0, 4.6, 1.4, -1.4, 3.8, 4.199999999999999, 3.6, 3.4, 7.0, 1.8, -1.4, -0.6000000000000001, 3.4, 5.0, 1.0, 2.2, 1.0, 1.0, 3.6, 3.4, 2.2, 1.6, 6.6, -0.6000000000000001, 2.2, 2.2, 4.6, 4.6, 2.6, -0.20000000000000007, 6.0, 3.4, 5.8, 4.6, 4.6, 7.0, -0.6000000000000001, -0.20000000000000007, 7.0, 3.4, 7.0, -1.2000000000000002, -1.4, 1.0, -0.20000000000000007, 4.6, -1.4, 3.8, -1.4, -1.4, -0.20000000000000007, 4.6, 3.4, -0.20000000000000007, 0.6, -0.20000000000000007, 4.0, 3.8, -1.2000000000000002, 5.0, -1.6, 2.2, 6.0, 4.6, -0.6000000000000001, 5.8, 2.2], "8": [0.6, 1.8, -0.6000000000000001, 1.4, 0.9999999999999999, 0.6, 0.6, -1.6, -1.2000000000000002, 0.9999999999999999, -1.1102230246251565e-16, -1.1102230246251565e-16, -1.4, -1.4000000000000004, -0.6000000000000001, -0.4, 3.0, 2.0, -1.1102230246251565e-16, 1.8, 0.7999999999999999, 1.2, -1.2000000000000002, 2.4, -1.2000000000000002, -1.2000000000000002, 3.0, 2.2, 2.4, 0.19999999999999996, 2.0, -0.6000000000000001, 1.2, 1.2, 1.2, 3.0, -0.4, 1.2, 0.6, 0.6, 3.0, 1.2, -1.6, 2.4, 0.9999999999999999, 1.2000000000000002, -1.4000000000000001, -1.2000000000000002, -0.6000000000000001, -1.4, -1.6, 0.9999999999999999, -1.6, 3.0, 1.2, 0.9999999999999999, 0.9999999999999999, 1.8, 1.8, -1.4, 1.8, 2.0, 0.9999999999999999, 2.0, 1.2, -1.1102230246251565e-16, 3.0, 3.0, 1.8, -1.8000000000000003, -1.4, -0.6000000000000001, 2.4, -0.6000000000000001, -1.1102230246251565e-16, 0.6, 0.7999999999999999, -1.6, 3.0, 0.6, -0.6000000000000001, 1.2, -0.40000000000000013, 3.0, 0.9999999999999999, 1.2000000000000002, 3.0, 1.8, -1.1102230246251565e-16, -0.40000000000000013, -1.4, -0.6000000000000001, -1.1102230246251565e-16, -0.4, -1.2000000000000002, -1.2000000000000002, -1.2000000000000002, -0.4, -0.6000000000000001, -1.6],