{"mode": "p2_llm", "samples_per_game": 100, "player1_payoff": 4.199999999999989, "player2_payoff": 321.2000000000004, "suboptimal_choices": 172, "percentage_suboptimal_choices": 43.0, "total_choices": 400, "pay_off_left": 339.0, "NCI-per-game": [0.5440641282565131, 0.42949874686716794, 0.4465664997217585, 0.48923446893787575, 0.33114827201783725, 0.5672240802675586, 0.3321804511278196, 0.42712298274902616, 0.3562541806020067, 0.401453634085213], "NCI": "0.4324747444632776 \u00b1 0.07820818295881697", "overall_payoff_p1": {"1": [2.4, 6.0, 2.1999999999999997, 1.7999999999999998, 6.0, 4.8, 2.4, 2.4, 2.4, 1.7999999999999998, 1.7999999999999998, 2.4, 2.4, 1.5999999999999999, 2.4, 6.0, -1.0, 2.0, -1.2000000000000002, 1.1999999999999997, -0.6000000000000001, 6.0, 6.0, 6.0, -1.8000000000000003, 6.0, 5.8, 6.0, 2.4, 5.6, -1.8000000000000003, 6.0, 1.7999999999999998, 6.0, 1.7999999999999998, -1.6, -0.6000000000000001, 6.0, 2.1999999999999997, 1.7999999999999998, -1.8000000000000003, 6.0, 1.7999999999999998, 6.0, 2.4, 1.7999999999999998, 6.0, -1.8000000000000003, 6.0, 1.4, 1.7999999999999998, -1.8000000000000003, -2.4000000000000004, 1.4, -1.8000000000000003, 5.4, -0.6000000000000001, 5.4, 2.4, 2.4, 1.7999999999999998, 2.4, -1.2000000000000002, 5.8, 6.0, 6.0, 0.0, -1.0, -2.4000000000000004, 6.0, 2.4, 1.7999999999999998, 5.4, -1.2000000000000002, 6.0, 2.4, 6.0, 6.0, 2.0, 2.4, 6.0, 0.0, -1.2000000000000002, 3.5999999999999996, 6.0, 6.0, 6.0, 1.7999999999999998, 2.4, -2.4000000000000004, 2.4, 6.0, 5.6, 1.4, 2.4, -1.2000000000000002, 6.0, 6.0, -1.2000000000000002, 2.1999999999999997], "2": [7.0, 6.0, 2.4, -2.0, 2.4, 4.8, 1.5999999999999999, 2.6, 1.5999999999999999, 5.6, 1.5999999999999999, -1.2000000000000002, -1.6, 6.4, 6.0, 6.0, -1.6, 2.4, -1.2000000000000002, 4.8, -1.2000000000000002, -1.4000000000000001, 6.0, 6.0, 2.0, 5.2, 6.0, -2.0, 2.4, 6.0, 1.5999999999999999, 5.6, 1.5999999999999999, 6.0, 6.0, -1.2000000000000002, -1.2000000000000002, 6.0, 2.4, -2.4000000000000004, -1.2000000000000002, 6.0, 2.0, 6.0, 6.0, 2.4, 2.4, -2.0, 2.4, 2.0, 6.0, 1.5999999999999999, -2.4000000000000004, -2.4000000000000004, 2.0, 1.5999999999999999, -1.2000000000000002, 2.4, 6.0, 6.0, -2.4000000000000004, -1.2000000000000002, -1.6, 6.0, -2.4000000000000004, 6.0, -1.2000000000000002, -1.2000000000000002, 0.5999999999999999, -1.4000000000000001, 6.0, -1.2000000000000002, 6.0, -2.0, 2.4, 6.0, 2.4, 5.6, 2.0, 6.0, 6.0, -0.6000000000000001, -0.6000000000000001, 2.0, 1.5999999999999999, 1.5999999999999999, 2.4, 2.0, 5.2, -2.4000000000000004, 2.4, 6.0, 5.2, 2.0, 2.0, -1.2000000000000002, 6.0, 2.4, -0.6000000000000001, -1.2000000000000002], "3": [8.0, 7.4, 8.0, 8.0, 8.0, 6.799999999999999, 4.6, 2.4, 1.0, 8.0, 2.0, -2.2, -1.0, 5.6, 5.3999999999999995, 8.0, 0.7999999999999998, 1.6, -1.6, 4.4, 5.6, -2.2, 8.0, 4.4, 10.6, 8.0, 8.0, 1.0, 8.0, 4.4, -1.6, 8.0, 3.4, 7.6, 2.0, -2.8000000000000003, -2.2, 4.4, 8.0, -2.2, 4.4, 8.0, 2.4, 4.4, 4.0, 4.0, 4.0, 8.0, 8.0, 5.4, 4.3999999999999995, 4.0, 3.1999999999999997, 0.7999999999999998, 0.1999999999999998, -1.6, 5.6, 7.8, 8.0, 4.0, 3.8, 0.7999999999999998, -2.2, 8.0, 5.4, 4.4, -1.6, 5.6, 3.8, -2.2, 4.4, 3.8, 4.0, 5.6, 5.199999999999999, 5.199999999999999, 4.4, 8.0, 0.1999999999999998, 8.0, 7.8, -1.6, -1.6, 4.2, 1.5999999999999996, -2.6, 1.4, 1.8, 4.0, 3.1999999999999997, 7.4, 8.0, 8.0, 4.2, 4.2, -1.0, 0.7999999999999998, 7.0, -1.6, -2.8000000000000003], "4": [1.0000000000000002, 4.0, 4.0, 1.0000000000000002, 3.8, 3.0, 3.4, 4.0, 1.2000000000000002, 4.0, 3.8, 1.2000000000000002, 6.0, 5.6, 4.0, 3.6, 4.0, 1.2000000000000002, -1.6, 5.3999999999999995, 1.4000000000000001, 4.0, 3.6, 3.8, -1.4, 3.6, 3.6, -1.6, 3.4, 3.4, 1.0, 3.6, 3.6, 3.6, 4.0, 1.0, -0.8, 3.4, 1.4000000000000001, -1.4, 1.6, 3.2, 3.4, 4.0, 3.2, 3.8, 3.4, 3.0, 3.8, 3.6, 3.8, 4.0, 1.8, 1.4000000000000001, 3.8, -1.8000000000000003, 1.6, 3.4, 3.6, 3.6, 5.0, 3.6, -1.0, 4.0, 3.2, 3.6, -1.2000000000000002, 1.2000000000000002, 3.8, 3.6, 3.6, 3.4, -1.0, -0.8, 3.8, 4.0, 3.8, 3.6, 3.2, 4.0, 4.0, -0.8, -0.8, 3.8, 3.8, 0.8000000000000002, 3.8, 3.8, 1.2000000000000002, 3.4, 3.0, 3.6, 4.0, 1.2000000000000002, 4.0, -0.8, 3.6, 3.4, -1.2000000000000002, 3.6], "5": [-1.2000000000000002, 4.0, -0.8, -1.2000000000000002, 2.8, 3.6, 0.3999999999999999, -1.2000000000000002, -1.1102230246251565e-16, 4.0, 0.3999999999999999, 0.3999999999999999, -0.8, 4.0, 2.8, 3.6, 0.6, -0.8, -0.8, 3.6, -0.8, 2.8, 2.8, 3.0, -0.8, 2.8, 4.0, 2.4, 2.8, -0.8, 2.4, 4.0, -1.1102230246251565e-16, 4.0, 0.3999999999999999, 2.8, -0.8, 2.4, 3.0, -1.1102230246251565e-16, -1.2000000000000002, 2.8, -1.2000000000000002, 0.3999999999999999, -1.1102230246251565e-16, 2.4, 2.8, 1.2, 4.0, -1.1102230246251565e-16, -1.1102230246251565e-16, -1.1102230246251565e-16, 4.0, 2.8, -1.1102230246251565e-16, -1.2000000000000002, -0.6000000000000001, 4.0, 4.0, -1.1102230246251565e-16, -0.8, 1.0, -0.2, 4.0, -0.8, 2.8, -0.8, -0.2, 2.8, 3.0, 4.0, 2.8, -0.8, -0.4, 0.3999999999999999, 2.8, 2.8, 0.3999999999999999, 2.4, 2.8, 2.8, -0.8, -0.6000000000000001, 0.6, 2.8, -1.2000000000000002, -0.8, 1.2, -1.1102230246251565e-16, 2.8, 2.8, 4.0, 4.0, 2.4, -0.8, -0.8, 4.0, -0.8, -0.2, 0.3999999999999999], "6": [4.0, 4.0, 4.0, 4.0, 3.4, 7.4, 0.0, -1.4000000000000001, 3.4, -0.8, -0.8, -0.8, -0.8, 3.2, 4.0, 3.2, 3.2, 4.0, 0.0, 2.5999999999999996, 4.0, -0.8, 4.0, 3.4, 3.2, 3.4, 4.0, -1.6, 4.0, -1.4000000000000001, 3.4, 3.2, 3.4, 4.0, 4.0, -2.2, -0.8, 4.0, 2.5999999999999996, 3.4, 3.4, 4.0, 4.0, 4.0, 3.2, 3.4, 3.4, 4.0, 3.4, 4.0, 4.0, 7.0, 2.5999999999999996, -2.2, 3.4, 7.0, 3.4, 4.0, 4.0, 3.4, -0.8, -0.8, -0.8, 4.0, -1.4000000000000001, 4.0, -1.6, 4.0, 4.0, -0.8, 4.0, 3.2, 3.2, -1.6, 3.4, -2.2, 3.4, 4.0, -1.6, 3.2, 3.2, 0.0, -0.8, 4.0, 7.0, 4.0, 2.5999999999999996, 2.5999999999999996, 2.5999999999999996, 3.2, 4.0, 4.0, 4.0, 4.0, -2.2, -2.2, 4.0, 3.4, -0.8, -0.8], "7": [5.8, 2.2, 2.2, 5.8, -0.6000000000000001, 6.6, 3.6, 3.0, 4.6, 1.0, 3.4, -1.4, -0.20000000000000007, 7.0, -1.4, 4.6, 0.6, 1.0, -1.0, 1.8000000000000003, -0.4, -0.8, 5.8, 3.0, 4.6, -0.20000000000000007, 7.0, 4.6, 4.6, 1.0, -1.4, 5.8, 4.6, 1.8000000000000003, -0.20000000000000007, 0.7999999999999999, -1.4, 3.4, -1.0, -1.4, -1.4, 7.0, -1.4, 2.2, 0.6, -0.20000000000000007, 4.6, 3.4, 7.0, 1.0, -1.7999999999999998, 4.6, 3.0, 5.3999999999999995, 0.19999999999999996, 5.8, -1.4, 7.0, -1.4, 4.199999999999999, 1.0, 4.6, -1.4, 4.6, 3.4, 1.0, -0.4, -1.4, 1.0, -0.8, 1.0, 3.0, 3.4, 1.0, -1.4, 5.8, 4.6, 4.6, 3.8, 5.8, 7.0, -1.4, -1.4, -0.20000000000000007, 3.4, 3.0, 5.0, 0.6, 4.6, 2.2, 3.4, 7.0, 5.8, 2.2, 3.2, -1.0, 0.19999999999999996, 4.6, -1.4, 3.4], "8": [2.0, 3.0, -1.6, 0.7999999999999999, -1.4, 4.6, 0.19999999999999973, 2.0, -1.2000000000000002, -1.2000000000000002, 2.0, -1.2000000000000002, -1.2000000000000002, -1.1102230246251565e-16, -0.6000000000000002, 0.5999999999999999, 2.6, 1.2, -0.6000000000000001, -0.20000000000000018, -0.6000000000000001, 0.19999999999999996, 1.8, 0.6, 2.2, 2.6, 2.6, 0.3999999999999998, -1.6, 4.8, -1.1102230246251565e-16, 4.3999999999999995, 1.6, 1.4, -1.6, -2.2, 0.0, -1.6, 4.3999999999999995, 1.4, -1.2000000000000002, 3.0, -0.40000000000000013, 2.0, 0.3999999999999999, -1.8000000000000003, 0.3999999999999998, -1.4, 1.2, 3.2, 0.9999999999999999, -1.6, -2.0, 0.7999999999999998, 3.4, -1.2000000000000002, -1.6, 2.4, 2.4, -1.4000000000000001, 0.7999999999999999, -1.2000000000000002, -1.0, 2.4, 5.6, 2.4, -0.2, -0.2, 0.7999999999999999, 0.6, 0.19999999999999996, 6.8, 1.4, 1.2, 2.4, 2.4, 0.3999999999999999, -1.1102230246251565e-16, -1.0, 0.6, 1.8, -1.0, -1.2000000000000002, 0.7999999999999999, 1.2000000000000002, 0.9999999999999999, 0.3999999999999999, -0.40000000000000013, -1.4000000000000001, -1.6, -1.2000000000000002, 6.0, 3.0, 2.2, 0.7999999999999999, -0.8, -1.2000000000000002, -1.2000000000000002, -0.6000000000000001, -2.2],