{"mode": "p1_adaptive", "samples_per_game": 100, "player1_payoff": 63.0, "player2_payoff": 162.9999999999999, "suboptimal_choices": 194, "percentage_suboptimal_choices": 48.5, "total_choices": 400, "pay_off_left": 410.0, "overall_payoff_p1": {"1": [6.0, 6.0, -1.2000000000000002, 3.5999999999999996, 6.0, -1.8000000000000003, 5.0, 2.0, 4.8, 6.0, -2.4000000000000004, 4.8, -1.2000000000000002, 1.1999999999999997, 8.4, 4.8, -1.2000000000000002, 6.0, -1.8000000000000003, 4.8, 5.4, 2.4, 1.7999999999999998, 1.1999999999999997, 8.4, 6.0, 4.8, 5.4, 6.0, 6.0, 2.0, 5.2, 4.8, 2.4, 4.8, 1.7999999999999998, 5.2, 5.4, 1.7999999999999998, 5.6, 5.0, 5.0, 6.0, 4.8, 7.2, 5.8, 5.2, 8.6, 2.0, 6.0, 5.8, 5.2, 5.8, 3.5999999999999996, 5.0, 4.8, 3.5999999999999996, -1.8000000000000003, 6.0, 1.7999999999999998, 4.8, 7.2, 2.4, 5.4, 5.3999999999999995, 5.4, 5.3999999999999995, 3.8, 4.8, 4.8, 5.2, 8.4, 1.7999999999999998, 4.8, 4.8, -1.2000000000000002, 8.8, 5.8, 4.8, 1.7999999999999998, 3.5999999999999996, 4.8, 4.8, 1.4, -1.4000000000000001, 5.4, 5.6, 5.0, 4.8, 6.0, 1.4, 6.0, 4.8, 5.0, 3.5999999999999996, 6.0, 5.2, 5.6, 4.8, 4.8], "2": [6.4, 6.0, -1.2000000000000002, 2.0, 6.0, -1.6, 2.4, -2.4000000000000004, 4.8, 6.0, -2.4000000000000004, 4.8, -2.0, 2.0, 6.0, 4.8, -1.2000000000000002, 6.0, -2.4000000000000004, 4.8, 5.6, 1.2, 2.4, 2.0, 6.4, 6.0, 4.8, 5.2, 6.0, 6.0, 3.6000000000000005, 5.2, 5.6, 2.8, 4.8, 5.2, 5.6, 1.5999999999999999, 6.0, 4.8, 5.6, 4.8, 6.0, 4.4, 4.4, 4.8, 5.6, 6.0, -2.0, 6.0, 5.6, 5.2, 6.0, 6.4, 4.8, 4.8, 4.8, -1.2000000000000002, 6.0, 1.5999999999999999, 4.8, 1.2, 2.8, 6.0, 4.8, 6.0, 5.6, 2.0, 4.8, 6.0, 6.0, 4.8, -1.6, 4.8, 4.8, -1.6, 5.2, 1.5999999999999999, 4.8, 3.6000000000000005, 4.8, 3.6000000000000005, 5.6, -1.2000000000000002, -1.2000000000000002, 6.0, 4.8, 4.8, 5.6, 6.0, -2.0, 6.0, 3.6000000000000005, 1.2, 4.8, 6.0, 6.0, 5.2, 4.8, 4.8], "3": [4.6, 8.0, -1.6, 0.7999999999999998, 5.3999999999999995, -2.4000000000000004, 1.0, -2.8000000000000003, 6.2, 4.399999999999999, 4.999999999999999, 6.799999999999999, -2.2, 1.2, 4.4, 6.799999999999999, -2.2, 7.0, 4.999999999999999, 6.799999999999999, 8.0, 4.399999999999999, 3.8000000000000003, 1.4, 0.7999999999999998, 5.800000000000001, 6.2, 8.0, 4.399999999999999, 6.799999999999999, 1.4, 6.799999999999999, 8.0, 4.799999999999999, 7.3999999999999995, 4.0, 6.799999999999999, -1.6, 4.0, 6.799999999999999, 7.0, 7.6, 8.0, 5.4, 4.4, 7.6, 7.199999999999999, 0.7999999999999998, 4.399999999999999, 5.0, 7.199999999999999, 6.799999999999999, 3.4, 7.6, 6.799999999999999, 7.4, -1.6, -2.6, 4.399999999999999, 3.8, 7.8, 3.6, 4.799999999999999, 3.1999999999999997, 7.199999999999999, 3.4, 7.8, 2.5999999999999996, 5.0, 7.3999999999999995, 7.4, 7.0, -0.4000000000000002, 7.3999999999999995, 6.799999999999999, -2.2, 8.0, 4.6, 7.3999999999999995, 1.2, 4.4, 5.0, 7.3999999999999995, -0.4000000000000002, -2.2, 5.4, 7.4, 6.799999999999999, 7.0, 4.399999999999999, 4.399999999999999, 3.4, 5.0, 3.6, 0.7999999999999998, 7.4, 3.4, 7.0, 7.0, 7.6], "4": [1.2000000000000002, 4.0, -0.8, 3.6, 3.8, -1.0, 3.4, 5.6, 3.0, 5.3999999999999995, 0.6000000000000002, 3.0, -1.2000000000000002, 4.0, 1.7999999999999998, 3.0, -0.8, 3.6, 1.2000000000000002, 3.0, 4.0, 7.8, 1.6, 3.0, 2.2, -1.0, 3.4, 3.4, 7.8, 4.0, 3.0, 3.0, 3.0, -1.6, 3.0, 4.0, 3.0, -1.4, 4.0, 5.0, 3.8, 3.0, 4.0, 3.0, 4.0, 3.0, 3.4, 1.7999999999999998, -1.2000000000000002, 3.8, 3.6, 3.4, -1.0, 1.0000000000000002, 3.4, 3.4, 1.8000000000000003, -1.4, 7.8, 3.0, 3.0, 3.0, -1.4, 5.0, 3.0, -1.0, 3.4, 4.0, 4.6, 3.6, 3.8, 2.2, 3.4, 3.0, 3.0, -1.4, 3.0, 3.6, 3.4, 3.8, 1.8000000000000003, 3.0, 3.0, 3.2, -0.8, 3.6, 4.0, 3.4, 4.6, 5.6, 1.2, -1.0, 3.0, 3.4, 1.8000000000000003, 3.6, 3.6, 3.6, 3.0, 3.0], "5": [-1.1102230246251565e-16, 4.0, -0.8, -1.1102230246251565e-16, 2.8, -0.8, 2.4, -1.1102230246251565e-16, -1.1102230246251565e-16, 4.0, -1.2000000000000002, 3.6, -1.2000000000000002, -1.2000000000000002, 6.0, 3.6, -0.8, 3.6, -1.2000000000000002, 3.6, 3.6, 3.6, -1.2000000000000002, 2.4, 6.0, 2.8, 2.4, 4.0, 3.6, 4.0, 2.4, 3.6, 3.6, -1.2000000000000002, 3.6, -1.1102230246251565e-16, 3.6, 2.4, -1.1102230246251565e-16, 2.8, 4.0, 3.6, 4.0, -1.2000000000000002, 2.4, 4.0, 3.6, 6.0, -1.2000000000000002, 2.8, 4.0, 4.0, 2.8, 1.2, 2.4, 2.4, 3.6, -1.2000000000000002, 3.6, -1.2000000000000002, 4.0, 2.4, -1.2000000000000002, -1.1102230246251565e-16, 4.0, 2.8, 3.6, 2.4, 2.4, 4.0, 4.0, 6.0, -1.1102230246251565e-16, 3.6, 3.6, -0.8, 3.6, 2.4, 2.8, 1.2, 3.6, -1.2000000000000002, 3.6, -1.1102230246251565e-16, -1.2000000000000002, 2.4, 4.0, 2.8, 2.8, 3.6, -1.2000000000000002, 2.8, -1.2000000000000002, -1.1102230246251565e-16, 3.6, 4.0, 2.4, 4.0, 4.0, 3.6], "6": [4.0, 4.0, -0.8, 2.5999999999999996, 4.0, -0.8, -2.2, -2.2, 3.2, 8.0, 2.5999999999999996, 2.5999999999999996, -0.8, -2.2, -1.6, 3.2, -0.8, 7.0, 3.2, 2.5999999999999996, 4.0, 8.0, 3.4, 3.4, -1.6, 4.0, 3.2, 3.2, 8.0, 2.5999999999999996, 2.5999999999999996, 2.5999999999999996, 3.4, 4.0, 3.2, 3.4, 7.4, 3.4, 3.4, 3.2, 4.0, 3.2, 4.0, -2.2, 3.2, 3.2, 3.2, -0.8, 4.0, 3.4, 3.2, 2.5999999999999996, 3.4, 3.2, 2.5999999999999996, 3.2, 2.5999999999999996, -0.8, 8.0, 3.2, 4.0, 4.0, 3.2, -1.6, 11.0, 4.0, 2.5999999999999996, 3.2, 3.2, 11.0, 7.0, 8.0, -1.6, 3.2, 3.2, -0.8, 3.2, 4.0, 2.5999999999999996, -1.6, 2.5999999999999996, -1.4000000000000001, 2.5999999999999996, -1.6, -0.8, 7.0, 3.2, 2.5999999999999996, 2.5999999999999996, 8.0, 4.0, 4.0, -2.2, -0.8, 2.5999999999999996, 3.4, 2.5999999999999996, 2.5999999999999996, 3.2, 2.5999999999999996], "7": [4.199999999999999, 7.0, -1.4, 0.6, 4.6, -1.4, 3.0, 4.6, 4.2, 6.6, -1.7999999999999998, 6.6, -1.7999999999999998, 1.7999999999999998, 1.8000000000000003, 6.6, -1.4, 5.8, -1.7999999999999998, 6.6, 7.0, 6.6, 1.0, 0.6, 2.2, 4.6, 4.2, 7.0, 6.6, 5.8, 0.6, 6.6, 7.0, 1.0, 6.6, 4.199999999999999, 7.0, 5.8, 4.6, 3.0, 4.6, 6.6, 7.0, 5.4, 2.2, 6.6, 7.0, 1.8000000000000003, 1.0, 4.6, 6.6, 6.6, 4.6, 5.8, 3.4, 3.0, 5.3999999999999995, -1.4, 6.6, 1.0, 6.6, 1.8000000000000003, 0.6, 3.0, 6.6, 4.6, 6.6, 3.0, 1.8000000000000003, 7.0, 5.8, -0.6000000000000001, 4.6, 6.6, 6.6, -1.4, 6.6, 4.199999999999999, 3.4, -0.6000000000000001, 7.8, 5.4, 6.6, 4.199999999999999, -1.4, 3.4, 4.6, 3.0, 4.199999999999999, 6.6, 1.0, 4.6, 5.4, 3.0, 7.8, 4.6, 4.199999999999999, 5.8, 6.6, 6.6], "8": [-0.20000000000000018, 3.0, -1.0, 1.6, 2.0, -1.0, -1.4000000000000004, -1.6, 2.2, 4.6, -2.0, 0.9999999999999999, -1.6, -0.8000000000000002, 5.799999999999999, 1.4, -0.6000000000000001, 5.6, -2.6, 0.9999999999999999, 2.0, 4.6, 1.2, 2.0, 3.3999999999999995, -2.2, 2.2, 1.6, 4.6, 2.0, 3.4000000000000004, 0.9999999999999999, 2.4, 4.3999999999999995, 0.9999999999999999, -1.8000000000000003, 1.4, -1.1102230246251565e-16, -1.8000000000000003, 5.0, 2.2, 2.4, 2.6, 4.6, -0.20000000000000018, 5.0, 2.6, 5.799999999999999, 0.7999999999999999, 3.4, 0.9999999999999999, 0.9999999999999999, -2.2, 2.1999999999999997, 3.3999999999999995, 5.199999999999999, 3.4000000000000004, -1.6, 4.6, 4.0, 1.4, 5.799999999999999, 0.19999999999999984, 4.6, 0.9999999999999999, -2.2, 2.0, 2.0, 4.6, 0.9999999999999999, 1.4, 4.6, -2.6, 5.6, 1.4, -2.0, 2.2, 2.8, 5.799999999999999, -0.8000000000000002, 3.4000000000000004, 4.6, 1.4, 1.4, -1.0, 1.4, 1.6, 5.799999999999999, 2.8000000000000003, 5.0, 0.7999999999999999, -2.2, 5.0, 2.1999999999999997, 3.4000000000000004, 2.0, 2.8000000000000003, 1.7999999999999998, 0.9999999999999999, 1.4], "9": [4.0, 9.0, -1.8, 3.0, 4.2, -2.0, -0.8, -2.0, 4.0, 8.8, 4.0, 8.8, -1.8, 2.8, -0.8, 8.8, -1.8, 4.0, 5.2, 8.8, 9.0, 8.8, -1.8, 3.0, -2.0, 4.2, 4.0, 9.0, 8.8, 4.0, 3.0, 8.8, 9.0, 4.0, 9.0, 4.2, 8.8, 4.2, 4.2, 4.2, 9.0, 9.0, 9.0, 10.0, 4.0, 8.8, 9.0, -0.8, 4.2, 2.8, 8.8, 8.8, 4.2, 5.2, 4.0, 4.0, 2.8, -2.0, 8.8, -2.0, 8.8, 4.2, 4.2, 4.0, 9.0, 4.0, 9.0, 2.8, 5.2, 8.8, 2.8, 2.8, -2.0, 9.0, 8.8, -1.8, 8.8, 4.2, 4.0, 4.0, 2.8, 10.0, 8.8, -2.0, -1.8, 4.2, 9.0, 2.8, 4.2, 8.8, 4.2, 4.2, 10.0, 4.2, 2.8, 9.0, 4.0, 2.8, 8.8, 8.8],